date,store_id,product_code,product_name,main_category,sub_category,unit,stock_level,sales_quantity,expiration_days_left,ordered_quantity
2023-08,PHARM01,DS005,카올린정,일반의약품,지사제,box,70,24,331,35
2023-08,PHARM01,NP001,에스시탈로프람정,전문의약품,정신신경용제,box,109,38,77,58
2023-08,PHARM01,DG010,트리몰정,일반의약품,소화제,box,118,46,311,63
2023-08,PHARM01,AN010,케토날캡슐,일반의약품,해열진통제,box,109,59,200,91
2023-08,PHARM01,MM005,롱액션멀미정,일반의약품,멀미약,box,120,55,286,85
2023-08,PHARM01,DM001,글리메피리드정,전문의약품,당뇨병_치료제,box,98,44,342,76
2023-08,PHARM02,OP003,졸피뎀정,전문의약품,기타_전문의약품,box,96,37,334,66
2023-08,PHARM02,CG005,벤포라민시럽,일반의약품,감기약,bottle,139,60,121,86
2023-08,PHARM02,HT009,키즈부루펜시럽,일반의약품,해열진통제,bottle,52,21,225,32
2023-08,PHARM02,AN004,게보린정,일반의약품,해열진통제,box,43,17,53,25
2023-08,PHARM02,MK002,KF80 마스크 소형,의약외품,마스크,pack,67,30,296,47
2023-08,PHARM01,OC006,후라보노 구강청결제,의약외품,구강청결제,bottle,86,50,307,64
2023-08,PHARM02,OC001,가그린 오리지널,의약외품,구강청결제,bottle,108,49,239,64
2023-08,PHARM02,MK010,블랙 마스크 중형,의약외품,마스크,pack,67,36,93,58
2023-08,PHARM02,TH010,스마트체온계,의약외품,체온계,unit,126,51,347,88
2023-08,PHARM01,SA008,메디가운,의약외품,방역용품,unit,34,23,119,34
2023-08,PHARM02,AC003,독소루비신주,전문의약품,항암제,vial,182,62,181,96
2023-08,PHARM02,PA006,브루펜플러스정,일반의약품,진통소염제,box,67,31,61,38
2023-08,PHARM02,EX007,클로트리마졸크림,일반의약품,외용제,tube,53,27,289,45
2023-08,PHARM02,AN002,펜잘큐정,일반의약품,해열진통제,box,33,11,349,13
2023-08,PHARM01,HS006,메디컬 세니겔,의약외품,손소독제,gel,168,56,136,94
2023-08,PHARM02,SA001,락스플러스 스프레이,의약외품,방역용품,bottle,86,56,60,75
2023-08,PHARM02,NP008,클로자핀정,전문의약품,정신신경용제,box,59,33,356,45
2023-08,PHARM02,OG003,칼디정,일반의약품,기타_일반의약품,box,204,75,203,101
2023-08,PHARM02,MK003,비말차단 마스크,의약외품,마스크,pack,137,73,85,100
2023-08,PHARM01,DS009,스톱디정,일반의약품,지사제,box,111,70,313,102
2023-08,PHARM02,HB010,투탑스정,전문의약품,고혈압_치료제,box,143,73,132,126
2023-08,PHARM02,DG005,겔포스엠액,일반의약품,소화제,bottle,37,21,159,34
2023-08,PHARM02,SA006,소독거즈백,의약외품,방역용품,pack,146,51,294,77
2023-08,PHARM02,BD001,박카스밴드,의약외품,밴드_반창고,box,90,39,288,51
2023-08,PHARM01,DM009,시타-메트정,전문의약품,당뇨병_치료제,box,130,53,349,74
2023-08,PHARM01,EX010,아크네 스팟겔,일반의약품,외용제,tube,147,60,295,92
2023-08,PHARM01,MK010,블랙 마스크 중형,의약외품,마스크,pack,54,19,64,30
2023-08,PHARM01,AN002,펜잘큐정,일반의약품,해열진통제,box,162,55,103,89
2023-08,PHARM01,SA007,방진마스크,의약외품,방역용품,pack,140,52,204,77
2023-08,PHARM01,HB009,하이드랄라진정,전문의약품,고혈압_치료제,box,14,7,86,8
2023-08,PHARM01,TH007,키즈이어체온계,의약외품,체온계,unit,81,40,236,59
2023-08,PHARM01,CG010,코푸시럽,일반의약품,감기약,bottle,154,52,352,72
2023-08,PHARM02,EX001,포비돈요오드액,일반의약품,외용제,bottle,151,61,236,83
2023-08,PHARM01,MM003,모션캡슐,일반의약품,멀미약,box,25,10,65,12
2023-08,PHARM01,OE001,헬스밴드,의약외품,기타_의약외품,box,170,75,350,106
2023-08,PHARM02,OC002,클리오덴트,의약외품,구강청결제,bottle,74,28,267,41
2023-08,PHARM01,OG006,써큐란정,일반의약품,기타_일반의약품,box,80,43,316,73
2023-08,PHARM01,AB001,아목시실린캡슐,전문의약품,항생제,box,144,49,223,73
2023-08,PHARM01,DM007,아카보스정,전문의약품,당뇨병_치료제,box,31,11,340,17
2023-08,PHARM01,DG002,베아제정,일반의약품,소화제,box,68,25,110,38
2023-08,PHARM01,OP006,리스페리돈정,전문의약품,기타_전문의약품,box,141,48,206,59
2023-08,PHARM01,DG006,디제정,일반의약품,소화제,box,191,81,251,119
2023-08,PHARM01,TH004,수은온도계,의약외품,체온계,unit,84,37,179,55
2023-08,PHARM01,DM008,글리메-메트정,전문의약품,당뇨병_치료제,box,188,73,184,112
2023-08,PHARM01,DG009,엔자임파우더,일반의약품,소화제,sachet,98,65,215,83
2023-08,PHARM01,NP003,퀘티아핀정,전문의약품,정신신경용제,box,38,13,226,16
2023-08,PHARM01,DM010,다파-메트정,전문의약품,당뇨병_치료제,box,58,20,347,24
2023-08,PHARM02,AB004,레보플록사신정,전문의약품,항생제,box,63,23,33,28
2023-08,PHARM01,SA004,멸균장갑,의약외품,방역용품,box,221,78,72,119
2023-08,PHARM01,HB007,카프토프릴정,전문의약품,고혈압_치료제,box,162,54,340,72
2023-08,PHARM01,BD010,클린밴드,의약외품,밴드_반창고,box,67,23,141,38
2023-08,PHARM01,PA004,제일파스,일반의약품,진통소염제,patch,75,32,225,54
2023-08,PHARM01,DS006,디아리톨정,일반의약품,지사제,box,67,40,180,69
2023-08,PHARM01,DG003,가스모틴정,일반의약품,소화제,box,267,93,89,111
2023-08,PHARM01,NP004,알프라졸람정,전문의약품,정신신경용제,box,58,22,112,27
2023-08,PHARM01,AB008,클래리스로마이신정,전문의약품,항생제,box,101,46,331,77
2023-08,PHARM01,HS007,센서티브 세니타이저,의약외품,손소독제,gel,113,44,86,72
2023-08,PHARM02,AC008,파클리탁셀주,전문의약품,항암제,vial,73,45,365,65
2023-08,PHARM01,TH001,전자체온계,의약외품,체온계,unit,142,56,123,99
2023-08,PHARM02,HT002,펜잘큐정,일반의약품,해열진통제,box,124,54,145,86
2023-08,PHARM01,BD001,박카스밴드,의약외품,밴드_반창고,box,178,79,160,122
2023-08,PHARM02,AC005,게피티닙정,전문의약품,항암제,box,112,54,360,81
2023-08,PHARM02,HT005,탁센정,일반의약품,해열진통제,box,83,49,142,64
2023-08,PHARM02,TH002,이어체온계,의약외품,체온계,unit,52,21,196,37
2023-08,PHARM02,HS001,유한 손소독제 젤,의약외품,손소독제,gel,96,48,54,61
2023-08,PHARM02,NP003,퀘티아핀정,전문의약품,정신신경용제,box,163,73,242,105
2023-08,PHARM02,HS008,라지 핸드스프레이,의약외품,손소독제,spray,124,64,151,99
2023-08,PHARM01,HB006,엑스포지정,전문의약품,고혈압_치료제,box,67,23,94,34
2023-08,PHARM02,PA010,스포트겔 스프레이,일반의약품,진통소염제,spray,128,66,217,115
2023-08,PHARM02,HT004,게보린정,일반의약품,해열진통제,box,24,9,61,12
2023-08,PHARM02,OE002,스킨프로텍터,의약외품,기타_의약외품,tube,51,25,135,37
2023-08,PHARM02,DS003,키즈지사시럽,일반의약품,지사제,bottle,136,60,354,87
2023-08,PHARM02,AB003,에리트로마이신정,전문의약품,항생제,box,187,67,215,101
2023-08,PHARM01,AN006,챔프시럽,일반의약품,해열진통제,bottle,74,34,181,60
2023-09,PHARM01,DG006,디제정,일반의약품,소화제,box,149,90,77,141
2023-09,PHARM02,CG005,벤포라민시럽,일반의약품,감기약,bottle,143,58,202,97
2023-09,PHARM02,AN004,게보린정,일반의약품,해열진통제,box,38,13,349,18
2023-09,PHARM02,MK002,KF80 마스크 소형,의약외품,마스크,pack,35,19,191,34
2023-09,PHARM01,BD001,박카스밴드,의약외품,밴드_반창고,box,139,67,142,86
2023-09,PHARM02,HT009,키즈부루펜시럽,일반의약품,해열진통제,bottle,28,18,53,28
2023-09,PHARM01,OP006,리스페리돈정,전문의약품,기타_전문의약품,box,133,54,276,91
2023-09,PHARM01,OC006,후라보노 구강청결제,의약외품,구강청결제,bottle,143,61,51,82
2023-09,PHARM02,OE002,스킨프로텍터,의약외품,기타_의약외품,tube,94,35,65,48
2023-09,PHARM02,NP003,퀘티아핀정,전문의약품,정신신경용제,box,106,47,273,71
2023-09,PHARM02,HS008,라지 핸드스프레이,의약외품,손소독제,spray,145,68,99,92
2023-09,PHARM02,OC001,가그린 오리지널,의약외품,구강청결제,bottle,71,33,32,45
2023-09,PHARM01,DM007,아카보스정,전문의약품,당뇨병_치료제,box,16,8,273,14
2023-09,PHARM02,MK010,블랙 마스크 중형,의약외품,마스크,pack,79,45,163,68
2023-09,PHARM02,TH010,스마트체온계,의약외품,체온계,unit,157,66,136,102
2023-09,PHARM01,AB001,아목시실린캡슐,전문의약품,항생제,box,101,47,146,61
2023-09,PHARM01,SA008,메디가운,의약외품,방역용품,unit,77,35,250,42
2023-09,PHARM01,HB006,엑스포지정,전문의약품,고혈압_치료제,box,47,19,311,32
2023-09,PHARM02,AC003,독소루비신주,전문의약품,항암제,vial,205,85,115,103
2023-09,PHARM01,OG006,써큐란정,일반의약품,기타_일반의약품,box,63,34,304,53
2023-09,PHARM02,EX007,클로트리마졸크림,일반의약품,외용제,tube,77,26,124,38
2023-09,PHARM01,DG002,베아제정,일반의약품,소화제,box,39,24,184,38
2023-09,PHARM01,DM001,글리메피리드정,전문의약품,당뇨병_치료제,box,209,81,347,126
2023-09,PHARM01,TH001,전자체온계,의약외품,체온계,unit,134,49,109,79
2023-09,PHARM01,DM008,글리메-메트정,전문의약품,당뇨병_치료제,box,205,79,204,139
2023-09,PHARM01,PA004,제일파스,일반의약품,진통소염제,patch,82,39,346,69
2023-09,PHARM01,BD010,클린밴드,의약외품,밴드_반창고,box,53,25,328,32
2023-09,PHARM01,AN006,챔프시럽,일반의약품,해열진통제,bottle,124,53,186,89
2023-09,PHARM01,DS006,디아리톨정,일반의약품,지사제,box,149,55,361,72
2023-09,PHARM01,DG003,가스모틴정,일반의약품,소화제,box,132,68,64,87
2023-09,PHARM01,HB007,카프토프릴정,전문의약품,고혈압_치료제,box,171,57,311,95
2023-09,PHARM02,DS003,키즈지사시럽,일반의약품,지사제,bottle,172,59,115,87
2023-09,PHARM01,NP004,알프라졸람정,전문의약품,정신신경용제,box,83,38,339,66
2023-09,PHARM01,SA004,멸균장갑,의약외품,방역용품,box,123,71,179,122
2023-09,PHARM01,HS007,센서티브 세니타이저,의약외품,손소독제,gel,54,36,323,60
2023-09,PHARM01,AB008,클래리스로마이신정,전문의약품,항생제,box,75,47,217,79
2023-09,PHARM01,DM010,다파-메트정,전문의약품,당뇨병_치료제,box,55,20,195,31
2023-09,PHARM01,MM005,롱액션멀미정,일반의약품,멀미약,box,120,60,242,101
2023-09,PHARM02,AB004,레보플록사신정,전문의약품,항생제,box,47,25,43,41
2023-09,PHARM02,TH002,이어체온계,의약외품,체온계,unit,32,19,307,23
2023-09,PHARM01,AN002,펜잘큐정,일반의약품,해열진통제,box,67,41,275,51
2023-09,PHARM01,NP003,퀘티아핀정,전문의약품,정신신경용제,box,37,15,248,26
2023-09,PHARM01,MK010,블랙 마스크 중형,의약외품,마스크,pack,47,22,260,27
2023-09,PHARM01,EX010,아크네 스팟겔,일반의약품,외용제,tube,116,72,232,86
2023-09,PHARM01,DM009,시타-메트정,전문의약품,당뇨병_치료제,box,154,60,352,104
2023-09,PHARM02,AC005,게피티닙정,전문의약품,항암제,box,50,32,277,49
2023-09,PHARM01,NP001,에스시탈로프람정,전문의약품,정신신경용제,box,82,45,45,62
2023-09,PHARM01,DG009,엔자임파우더,일반의약품,소화제,sachet,120,53,98,92
2023-09,PHARM02,HT004,게보린정,일반의약품,해열진통제,box,17,7,207,10
2023-09,PHARM01,DG010,트리몰정,일반의약품,소화제,box,70,31,81,49
2023-09,PHARM01,AN010,케토날캡슐,일반의약품,해열진통제,box,146,59,253,94
2023-09,PHARM02,AC008,파클리탁셀주,전문의약품,항암제,vial,73,39,66,62
2023-09,PHARM02,PA006,브루펜플러스정,일반의약품,진통소염제,box,87,53,299,93
2023-09,PHARM02,OP003,졸피뎀정,전문의약품,기타_전문의약품,box,62,31,352,44
2023-09,PHARM02,OC002,클리오덴트,의약외품,구강청결제,bottle,67,23,158,39
2023-09,PHARM02,HB010,투탑스정,전문의약품,고혈압_치료제,box,158,72,161,121
2023-09,PHARM02,SA006,소독거즈백,의약외품,방역용품,pack,191,72,201,98
2023-09,PHARM02,BD001,박카스밴드,의약외품,밴드_반창고,box,77,28,114,43
2023-09,PHARM01,HS006,메디컬 세니겔,의약외품,손소독제,gel,123,66,65,103
2023-09,PHARM02,PA010,스포트겔 스프레이,일반의약품,진통소염제,spray,192,70,61,109
2023-09,PHARM02,OG003,칼디정,일반의약품,기타_일반의약품,box,154,80,104,119
2023-09,PHARM02,NP008,클로자핀정,전문의약품,정신신경용제,box,43,29,188,46
2023-09,PHARM01,CG010,코푸시럽,일반의약품,감기약,bottle,91,44,360,56
2023-09,PHARM02,AB003,에리트로마이신정,전문의약품,항생제,box,162,82,58,137
2023-09,PHARM02,EX001,포비돈요오드액,일반의약품,외용제,bottle,155,88,182,109
2023-09,PHARM01,OE001,헬스밴드,의약외품,기타_의약외품,box,118,69,160,122
2023-09,PHARM02,HT005,탁센정,일반의약품,해열진통제,box,99,50,146,89
2023-09,PHARM01,SA007,방진마스크,의약외품,방역용품,pack,140,54,190,92
2023-09,PHARM01,DS009,스톱디정,일반의약품,지사제,box,133,52,363,93
2023-09,PHARM01,HB009,하이드랄라진정,전문의약품,고혈압_치료제,box,21,10,213,12
2023-09,PHARM02,AN002,펜잘큐정,일반의약품,해열진통제,box,15,10,59,13
2023-09,PHARM02,MK003,비말차단 마스크,의약외품,마스크,pack,133,68,153,104
2023-09,PHARM01,MM003,모션캡슐,일반의약품,멀미약,box,18,7,105,10
2023-09,PHARM01,TH004,수은온도계,의약외품,체온계,unit,129,43,323,62
2023-09,PHARM02,DG005,겔포스엠액,일반의약품,소화제,bottle,35,18,241,25
2023-09,PHARM02,HS001,유한 손소독제 젤,의약외품,손소독제,gel,74,49,248,71
2023-09,PHARM02,HT002,펜잘큐정,일반의약품,해열진통제,box,155,57,302,101
2023-09,PHARM01,TH007,키즈이어체온계,의약외품,체온계,unit,67,42,338,70
2023-09,PHARM01,DS005,카올린정,일반의약품,지사제,box,84,32,294,49
2023-09,PHARM02,SA001,락스플러스 스프레이,의약외품,방역용품,bottle,90,35,260,59
2023-10,PHARM02,AB004,레보플록사신정,전문의약품,항생제,box,58,22,57,29
2023-10,PHARM01,DM009,시타-메트정,전문의약품,당뇨병_치료제,box,146,58,297,73
2023-10,PHARM01,EX010,아크네 스팟겔,일반의약품,외용제,tube,163,55,349,90
2023-10,PHARM01,NP001,에스시탈로프람정,전문의약품,정신신경용제,box,80,34,273,60
2023-10,PHARM02,AC005,게피티닙정,전문의약품,항암제,box,79,30,35,44
2023-10,PHARM01,DG009,엔자임파우더,일반의약품,소화제,sachet,116,62,233,103
2023-10,PHARM02,PA010,스포트겔 스프레이,일반의약품,진통소염제,spray,106,60,216,78
2023-10,PHARM01,DS009,스톱디정,일반의약품,지사제,box,175,69,270,114
2023-10,PHARM01,DG010,트리몰정,일반의약품,소화제,box,76,43,135,65
2023-10,PHARM01,TH001,전자체온계,의약외품,체온계,unit,88,49,295,63
2023-10,PHARM01,CG010,코푸시럽,일반의약품,감기약,bottle,60,33,160,40
2023-10,PHARM01,AN010,케토날캡슐,일반의약품,해열진통제,box,99,39,356,69
2023-10,PHARM02,HT004,게보린정,일반의약품,해열진통제,box,23,8,148,13
2023-10,PHARM02,HB010,투탑스정,전문의약품,고혈압_치료제,box,135,72,334,113
2023-10,PHARM01,NP003,퀘티아핀정,전문의약품,정신신경용제,box,32,16,57,27
2023-10,PHARM02,TH002,이어체온계,의약외품,체온계,unit,68,23,72,27
2023-10,PHARM01,HB009,하이드랄라진정,전문의약품,고혈압_치료제,box,25,12,265,14
2023-10,PHARM01,BD001,박카스밴드,의약외품,밴드_반창고,box,159,56,80,73
2023-10,PHARM02,HT002,펜잘큐정,일반의약품,해열진통제,box,107,61,242,86
2023-10,PHARM02,HS001,유한 손소독제 젤,의약외품,손소독제,gel,99,41,288,60
2023-10,PHARM01,DS006,디아리톨정,일반의약품,지사제,box,113,50,177,61
2023-10,PHARM01,HB007,카프토프릴정,전문의약품,고혈압_치료제,box,102,48,147,69
2023-10,PHARM01,AN006,챔프시럽,일반의약품,해열진통제,bottle,109,53,63,83
2023-10,PHARM01,TH004,수은온도계,의약외품,체온계,unit,120,50,93,74
2023-10,PHARM01,DG003,가스모틴정,일반의약품,소화제,box,102,62,342,87
2023-10,PHARM01,NP004,알프라졸람정,전문의약품,정신신경용제,box,57,23,51,39
2023-10,PHARM01,SA004,멸균장갑,의약외품,방역용품,box,123,51,66,67
2023-10,PHARM02,BD001,박카스밴드,의약외품,밴드_반창고,box,75,29,335,41
2023-10,PHARM02,DS003,키즈지사시럽,일반의약품,지사제,bottle,102,53,69,76
2023-10,PHARM02,AC008,파클리탁셀주,전문의약품,항암제,vial,94,45,333,56
2023-10,PHARM01,HS007,센서티브 세니타이저,의약외품,손소독제,gel,108,38,311,64
2023-10,PHARM01,DM010,다파-메트정,전문의약품,당뇨병_치료제,box,43,18,164,26
2023-10,PHARM01,SA007,방진마스크,의약외품,방역용품,pack,102,50,313,84
2023-10,PHARM01,AB008,클래리스로마이신정,전문의약품,항생제,box,74,48,228,75
2023-10,PHARM01,DS005,카올린정,일반의약품,지사제,box,78,38,78,47
2023-10,PHARM02,DG005,겔포스엠액,일반의약품,소화제,bottle,63,24,211,31
2023-10,PHARM01,AN002,펜잘큐정,일반의약품,해열진통제,box,108,64,175,107
2023-10,PHARM02,SA006,소독거즈백,의약외품,방역용품,pack,136,77,192,109
2023-10,PHARM01,MK010,블랙 마스크 중형,의약외품,마스크,pack,37,20,158,24
2023-10,PHARM02,PA006,브루펜플러스정,일반의약품,진통소염제,box,76,37,151,45
2023-10,PHARM01,BD010,클린밴드,의약외품,밴드_반창고,box,81,29,134,41
2023-10,PHARM02,OE002,스킨프로텍터,의약외품,기타_의약외품,tube,99,38,120,62
2023-10,PHARM01,OC006,후라보노 구강청결제,의약외품,구강청결제,bottle,99,37,306,64
2023-10,PHARM02,HS008,라지 핸드스프레이,의약외품,손소독제,spray,153,51,302,86
2023-10,PHARM01,PA004,제일파스,일반의약품,진통소염제,patch,66,32,305,45
2023-10,PHARM01,DM008,글리메-메트정,전문의약품,당뇨병_치료제,box,103,56,144,69
2023-10,PHARM02,SA001,락스플러스 스프레이,의약외품,방역용품,bottle,97,45,277,80
2023-10,PHARM01,DM007,아카보스정,전문의약품,당뇨병_치료제,box,19,8,318,13
2023-10,PHARM02,OC001,가그린 오리지널,의약외품,구강청결제,bottle,88,54,287,76
2023-10,PHARM02,HT005,탁센정,일반의약품,해열진통제,box,157,53,321,89
2023-10,PHARM02,NP003,퀘티아핀정,전문의약품,정신신경용제,box,121,70,213,85
2023-10,PHARM01,HS006,메디컬 세니겔,의약외품,손소독제,gel,127,52,55,67
2023-10,PHARM01,MM003,모션캡슐,일반의약품,멀미약,box,12,7,156,10
2023-10,PHARM02,MK010,블랙 마스크 중형,의약외품,마스크,pack,64,32,86,55
2023-10,PHARM02,TH010,스마트체온계,의약외품,체온계,unit,84,45,157,70
2023-10,PHARM01,SA008,메디가운,의약외품,방역용품,unit,108,37,99,64
2023-10,PHARM02,AN002,펜잘큐정,일반의약품,해열진통제,box,24,12,278,20
2023-10,PHARM02,EX001,포비돈요오드액,일반의약품,외용제,bottle,243,89,258,150
2023-10,PHARM01,HB006,엑스포지정,전문의약품,고혈압_치료제,box,45,15,266,23
2023-10,PHARM01,OE001,헬스밴드,의약외품,기타_의약외품,box,142,57,118,99
2023-10,PHARM02,AC003,독소루비신주,전문의약품,항암제,vial,184,67,341,120
2023-10,PHARM01,OG006,써큐란정,일반의약품,기타_일반의약품,box,52,32,210,41
2023-10,PHARM02,EX007,클로트리마졸크림,일반의약품,외용제,tube,63,39,123,56
2023-10,PHARM02,OC002,클리오덴트,의약외품,구강청결제,bottle,47,20,67,34
2023-10,PHARM01,AB001,아목시실린캡슐,전문의약품,항생제,box,102,68,71,106
2023-10,PHARM02,MK002,KF80 마스크 소형,의약외품,마스크,pack,68,26,74,44
2023-10,PHARM02,OP003,졸피뎀정,전문의약품,기타_전문의약품,box,67,24,240,40
2023-10,PHARM02,OG003,칼디정,일반의약품,기타_일반의약품,box,165,64,67,105
2023-10,PHARM01,DG002,베아제정,일반의약품,소화제,box,60,25,142,34
2023-10,PHARM01,DG006,디제정,일반의약품,소화제,box,140,84,185,120
2023-10,PHARM01,MM005,롱액션멀미정,일반의약품,멀미약,box,143,63,226,76
2023-10,PHARM01,TH007,키즈이어체온계,의약외품,체온계,unit,56,33,143,46
2023-10,PHARM02,HT009,키즈부루펜시럽,일반의약품,해열진통제,bottle,24,15,139,26
2023-10,PHARM02,CG005,벤포라민시럽,일반의약품,감기약,bottle,130,61,296,81
2023-10,PHARM01,DM001,글리메피리드정,전문의약품,당뇨병_치료제,box,107,50,159,68
2023-10,PHARM01,OP006,리스페리돈정,전문의약품,기타_전문의약품,box,202,77,104,119
2023-10,PHARM02,AB003,에리트로마이신정,전문의약품,항생제,box,228,87,335,132
2023-10,PHARM02,AN004,게보린정,일반의약품,해열진통제,box,39,15,268,25
2023-10,PHARM02,NP008,클로자핀정,전문의약품,정신신경용제,box,83,29,138,41
2023-10,PHARM02,MK003,비말차단 마스크,의약외품,마스크,pack,130,55,318,68
2023-11,PHARM01,TH001,전자체온계,의약외품,체온계,unit,103,44,45,54
2023-11,PHARM01,HB007,카프토프릴정,전문의약품,고혈압_치료제,box,62,41,76,72
2023-11,PHARM01,CG010,코푸시럽,일반의약품,감기약,bottle,118,44,151,69
2023-11,PHARM01,OG006,써큐란정,일반의약품,기타_일반의약품,box,114,43,232,63
2023-11,PHARM02,AB003,에리트로마이신정,전문의약품,항생제,box,226,96,321,132
2023-11,PHARM01,OP006,리스페리돈정,전문의약품,기타_전문의약품,box,133,51,47,84
2023-11,PHARM02,HT004,게보린정,일반의약품,해열진통제,box,22,11,181,14
2023-11,PHARM01,BD001,박카스밴드,의약외품,밴드_반창고,box,190,78,317,135
2023-11,PHARM02,EX001,포비돈요오드액,일반의약품,외용제,bottle,169,96,328,142
2023-11,PHARM01,OE001,헬스밴드,의약외품,기타_의약외품,box,213,88,44,123
2023-11,PHARM01,SA004,멸균장갑,의약외품,방역용품,box,97,47,151,57
2023-11,PHARM01,HB009,하이드랄라진정,전문의약품,고혈압_치료제,box,10,7,283,10
2023-11,PHARM02,OC002,클리오덴트,의약외품,구강청결제,bottle,40,20,49,28
2023-11,PHARM01,AB001,아목시실린캡슐,전문의약품,항생제,box,143,58,206,100
2023-11,PHARM02,DS003,키즈지사시럽,일반의약품,지사제,bottle,123,79,249,134
2023-11,PHARM01,DM010,다파-메트정,전문의약품,당뇨병_치료제,box,30,17,244,26
2023-11,PHARM01,TH007,키즈이어체온계,의약외품,체온계,unit,111,43,131,56
2023-11,PHARM01,DG009,엔자임파우더,일반의약품,소화제,sachet,158,82,242,135
2023-11,PHARM01,DG006,디제정,일반의약품,소화제,box,200,68,176,83
2023-11,PHARM01,SA007,방진마스크,의약외품,방역용품,pack,78,47,98,61
2023-11,PHARM01,DM007,아카보스정,전문의약품,당뇨병_치료제,box,26,10,146,12
2023-11,PHARM02,AB004,레보플록사신정,전문의약품,항생제,box,77,33,60,51
2023-11,PHARM01,MM003,모션캡슐,일반의약품,멀미약,box,22,11,181,17
2023-11,PHARM01,DS005,카올린정,일반의약품,지사제,box,83,30,45,39
2023-11,PHARM01,NP003,퀘티아핀정,전문의약품,정신신경용제,box,25,10,299,15
2023-11,PHARM01,DG002,베아제정,일반의약품,소화제,box,65,23,122,36
2023-11,PHARM02,NP003,퀘티아핀정,전문의약품,정신신경용제,box,118,55,174,83
2023-11,PHARM01,DM008,글리메-메트정,전문의약품,당뇨병_치료제,box,117,52,283,64
2023-11,PHARM01,MM005,롱액션멀미정,일반의약품,멀미약,box,182,72,282,110
2023-11,PHARM01,BD010,클린밴드,의약외품,밴드_반창고,box,69,27,229,44
2023-11,PHARM01,DG010,트리몰정,일반의약품,소화제,box,67,29,181,35
2023-11,PHARM02,OE002,스킨프로텍터,의약외품,기타_의약외품,tube,88,31,209,49
2023-11,PHARM02,EX007,클로트리마졸크림,일반의약품,외용제,tube,67,24,316,33
2023-11,PHARM02,PA010,스포트겔 스프레이,일반의약품,진통소염제,spray,113,70,313,98
2023-11,PHARM02,OG003,칼디정,일반의약품,기타_일반의약품,box,194,73,306,129
2023-11,PHARM02,CG005,벤포라민시럽,일반의약품,감기약,bottle,132,51,234,69
2023-11,PHARM01,DM001,글리메피리드정,전문의약품,당뇨병_치료제,box,159,79,33,124
2023-11,PHARM02,AC005,게피티닙정,전문의약품,항암제,box,65,32,101,39
2023-11,PHARM02,NP008,클로자핀정,전문의약품,정신신경용제,box,102,40,276,63
2023-11,PHARM02,HT009,키즈부루펜시럽,일반의약품,해열진통제,bottle,30,17,318,20
2023-11,PHARM02,SA001,락스플러스 스프레이,의약외품,방역용품,bottle,132,45,204,70
2023-11,PHARM02,AN004,게보린정,일반의약품,해열진통제,box,29,15,83,21
2023-11,PHARM02,MK003,비말차단 마스크,의약외품,마스크,pack,96,54,289,93
2023-11,PHARM02,HS008,라지 핸드스프레이,의약외품,손소독제,spray,112,61,155,105
2023-11,PHARM02,OP003,졸피뎀정,전문의약품,기타_전문의약품,box,55,33,358,53
2023-11,PHARM01,PA004,제일파스,일반의약품,진통소염제,patch,60,22,147,29
2023-11,PHARM02,MK002,KF80 마스크 소형,의약외품,마스크,pack,51,24,350,41
2023-11,PHARM01,HS006,메디컬 세니겔,의약외품,손소독제,gel,87,51,144,63
2023-11,PHARM02,OC001,가그린 오리지널,의약외품,구강청결제,bottle,160,59,67,106
2023-11,PHARM02,AN002,펜잘큐정,일반의약품,해열진통제,box,20,12,216,14
2023-11,PHARM02,MK010,블랙 마스크 중형,의약외품,마스크,pack,99,34,280,49
2023-11,PHARM02,HT005,탁센정,일반의약품,해열진통제,box,119,63,267,108
2023-11,PHARM02,TH010,스마트체온계,의약외품,체온계,unit,94,44,108,68
2023-11,PHARM01,SA008,메디가운,의약외품,방역용품,unit,69,27,60,41
2023-11,PHARM02,AC003,독소루비신주,전문의약품,항암제,vial,151,59,348,73
2023-11,PHARM02,PA006,브루펜플러스정,일반의약품,진통소염제,box,88,35,115,50
2023-11,PHARM01,OC006,후라보노 구강청결제,의약외품,구강청결제,bottle,111,43,221,58
2023-11,PHARM01,DS009,스톱디정,일반의약품,지사제,box,140,67,331,103
2023-11,PHARM01,AN010,케토날캡슐,일반의약품,해열진통제,box,81,54,101,88
2023-11,PHARM01,HB006,엑스포지정,전문의약품,고혈압_치료제,box,43,19,90,28
2023-11,PHARM01,NP004,알프라졸람정,전문의약품,정신신경용제,box,73,36,38,56
2023-11,PHARM01,AN006,챔프시럽,일반의약품,해열진통제,bottle,91,32,348,45
2023-11,PHARM01,HS007,센서티브 세니타이저,의약외품,손소독제,gel,122,41,118,56
2023-11,PHARM02,HB010,투탑스정,전문의약품,고혈압_치료제,box,184,77,89,112
2023-11,PHARM02,TH002,이어체온계,의약외품,체온계,unit,48,31,331,37
2023-11,PHARM01,AB008,클래리스로마이신정,전문의약품,항생제,box,74,42,263,67
2023-11,PHARM02,BD001,박카스밴드,의약외품,밴드_반창고,box,75,33,247,57
2023-11,PHARM02,DG005,겔포스엠액,일반의약품,소화제,bottle,65,22,63,36
2023-11,PHARM01,AN002,펜잘큐정,일반의약품,해열진통제,box,71,42,181,73
2023-11,PHARM02,AC008,파클리탁셀주,전문의약품,항암제,vial,64,37,361,47
2023-11,PHARM01,DG003,가스모틴정,일반의약품,소화제,box,171,58,284,84
2023-11,PHARM02,SA006,소독거즈백,의약외품,방역용품,pack,180,82,195,115
2023-11,PHARM01,MK010,블랙 마스크 중형,의약외품,마스크,pack,44,19,211,31
2023-11,PHARM01,DS006,디아리톨정,일반의약품,지사제,box,110,51,150,67
2023-11,PHARM01,EX010,아크네 스팟겔,일반의약품,외용제,tube,241,87,342,130
2023-11,PHARM01,DM009,시타-메트정,전문의약품,당뇨병_치료제,box,132,60,146,90
2023-11,PHARM01,TH004,수은온도계,의약외품,체온계,unit,113,47,144,63
2023-11,PHARM02,HT002,펜잘큐정,일반의약품,해열진통제,box,110,46,265,78
2023-11,PHARM01,NP001,에스시탈로프람정,전문의약품,정신신경용제,box,85,40,273,64
2023-11,PHARM02,HS001,유한 손소독제 젤,의약외품,손소독제,gel,66,31,128,39
2023-12,PHARM01,BD001,박카스밴드,의약외품,밴드_반창고,box,167,94,172,142
2023-12,PHARM02,BD001,박카스밴드,의약외품,밴드_반창고,box,85,36,192,60
2023-12,PHARM01,OE001,헬스밴드,의약외품,기타_의약외품,box,116,54,287,80
2023-12,PHARM02,PA006,브루펜플러스정,일반의약품,진통소염제,box,108,37,202,49
2023-12,PHARM02,AN002,펜잘큐정,일반의약품,해열진통제,box,33,12,132,17
2023-12,PHARM02,HT005,탁센정,일반의약품,해열진통제,box,181,62,244,104
2023-12,PHARM02,MK003,비말차단 마스크,의약외품,마스크,pack,97,53,235,76
2023-12,PHARM01,SA007,방진마스크,의약외품,방역용품,pack,114,47,269,65
2023-12,PHARM02,OC002,클리오덴트,의약외품,구강청결제,bottle,67,23,164,40
2023-12,PHARM02,SA001,락스플러스 스프레이,의약외품,방역용품,bottle,125,42,95,60
2023-12,PHARM02,DG005,겔포스엠액,일반의약품,소화제,bottle,54,21,202,31
2023-12,PHARM02,NP008,클로자핀정,전문의약품,정신신경용제,box,80,34,203,50
2023-12,PHARM01,TH007,키즈이어체온계,의약외품,체온계,unit,117,41,235,63
2023-12,PHARM02,PA010,스포트겔 스프레이,일반의약품,진통소염제,spray,207,77,58,97
2023-12,PHARM02,SA006,소독거즈백,의약외품,방역용품,pack,106,65,318,79
2023-12,PHARM02,OG003,칼디정,일반의약품,기타_일반의약품,box,167,86,307,110
2023-12,PHARM01,HB009,하이드랄라진정,전문의약품,고혈압_치료제,box,17,11,200,17
2023-12,PHARM02,AB003,에리트로마이신정,전문의약품,항생제,box,192,76,351,122
2023-12,PHARM02,HB010,투탑스정,전문의약품,고혈압_치료제,box,189,69,227,117
2023-12,PHARM02,HS001,유한 손소독제 젤,의약외품,손소독제,gel,88,51,336,81
2023-12,PHARM01,MM003,모션캡슐,일반의약품,멀미약,box,28,11,289,19
2023-12,PHARM01,DM007,아카보스정,전문의약품,당뇨병_치료제,box,24,11,189,15
2023-12,PHARM02,NP003,퀘티아핀정,전문의약품,정신신경용제,box,140,51,141,64
2023-12,PHARM02,OE002,스킨프로텍터,의약외품,기타_의약외품,tube,47,23,272,40
2023-12,PHARM01,NP001,에스시탈로프람정,전문의약품,정신신경용제,box,94,34,344,52
2023-12,PHARM01,EX010,아크네 스팟겔,일반의약품,외용제,tube,193,71,167,115
2023-12,PHARM01,DG009,엔자임파우더,일반의약품,소화제,sachet,200,77,306,135
2023-12,PHARM01,MK010,블랙 마스크 중형,의약외품,마스크,pack,74,25,79,44
2023-12,PHARM01,AN002,펜잘큐정,일반의약품,해열진통제,box,191,76,86,133
2023-12,PHARM01,AB008,클래리스로마이신정,전문의약품,항생제,box,191,66,110,86
2023-12,PHARM02,AB004,레보플록사신정,전문의약품,항생제,box,62,29,224,50
2023-12,PHARM02,DS003,키즈지사시럽,일반의약품,지사제,bottle,160,62,137,82
2023-12,PHARM02,TH002,이어체온계,의약외품,체온계,unit,61,23,230,30
2023-12,PHARM02,AC008,파클리탁셀주,전문의약품,항암제,vial,54,28,150,44
2023-12,PHARM01,SA004,멸균장갑,의약외품,방역용품,box,89,50,103,88
2023-12,PHARM01,DG003,가스모틴정,일반의약품,소화제,box,208,73,301,97
2023-12,PHARM01,DS006,디아리톨정,일반의약품,지사제,box,150,50,365,63
2023-12,PHARM01,HB007,카프토프릴정,전문의약품,고혈압_치료제,box,95,48,78,72
2023-12,PHARM01,BD010,클린밴드,의약외품,밴드_반창고,box,46,30,211,52
2023-12,PHARM01,DM010,다파-메트정,전문의약품,당뇨병_치료제,box,35,15,320,24
2023-12,PHARM02,AC003,독소루비신주,전문의약품,항암제,vial,255,94,170,134
2023-12,PHARM01,TH001,전자체온계,의약외품,체온계,unit,109,48,168,76
2023-12,PHARM01,DM008,글리메-메트정,전문의약품,당뇨병_치료제,box,174,79,264,110
2023-12,PHARM02,EX007,클로트리마졸크림,일반의약품,외용제,tube,76,33,190,56
2023-12,PHARM02,TH010,스마트체온계,의약외품,체온계,unit,158,65,130,81
2023-12,PHARM02,MK010,블랙 마스크 중형,의약외품,마스크,pack,85,35,44,44
2023-12,PHARM01,AB001,아목시실린캡슐,전문의약품,항생제,box,92,50,278,65
2023-12,PHARM02,OC001,가그린 오리지널,의약외품,구강청결제,bottle,123,49,272,86
2023-12,PHARM02,MK002,KF80 마스크 소형,의약외품,마스크,pack,68,33,305,43
2023-12,PHARM02,AN004,게보린정,일반의약품,해열진통제,box,60,21,314,36
2023-12,PHARM01,DG010,트리몰정,일반의약품,소화제,box,60,26,94,34
2023-12,PHARM01,DG002,베아제정,일반의약품,소화제,box,57,23,103,40
2023-12,PHARM02,HT009,키즈부루펜시럽,일반의약품,해열진통제,bottle,65,23,73,29
2023-12,PHARM02,AC005,게피티닙정,전문의약품,항암제,box,113,46,136,60
2023-12,PHARM02,HT004,게보린정,일반의약품,해열진통제,box,38,14,338,21
2023-12,PHARM01,MM005,롱액션멀미정,일반의약품,멀미약,box,117,70,78,118
2023-12,PHARM01,OP006,리스페리돈정,전문의약품,기타_전문의약품,box,177,79,302,120
2023-12,PHARM02,CG005,벤포라민시럽,일반의약품,감기약,bottle,152,70,156,125
2023-12,PHARM01,AN010,케토날캡슐,일반의약품,해열진통제,box,203,70,241,106
2023-12,PHARM02,HS008,라지 핸드스프레이,의약외품,손소독제,spray,89,48,344,69
2023-12,PHARM02,HT002,펜잘큐정,일반의약품,해열진통제,box,212,71,108,125
2023-12,PHARM01,NP004,알프라졸람정,전문의약품,정신신경용제,box,89,31,226,44
2023-12,PHARM01,OG006,써큐란정,일반의약품,기타_일반의약품,box,39,25,353,43
2023-12,PHARM01,DM001,글리메피리드정,전문의약품,당뇨병_치료제,box,103,46,193,68
2023-12,PHARM01,DM009,시타-메트정,전문의약품,당뇨병_치료제,box,170,62,294,99
2023-12,PHARM02,OP003,졸피뎀정,전문의약품,기타_전문의약품,box,49,29,349,48
2023-12,PHARM01,HB006,엑스포지정,전문의약품,고혈압_치료제,box,36,17,76,27
2023-12,PHARM01,SA008,메디가운,의약외품,방역용품,unit,52,23,249,35
2023-12,PHARM01,HS007,센서티브 세니타이저,의약외품,손소독제,gel,53,29,337,50
2023-12,PHARM01,AN006,챔프시럽,일반의약품,해열진통제,bottle,160,70,67,120
2023-12,PHARM01,DG006,디제정,일반의약품,소화제,box,193,65,65,79
2023-12,PHARM01,DS005,카올린정,일반의약품,지사제,box,74,25,156,31
2023-12,PHARM01,PA004,제일파스,일반의약품,진통소염제,patch,92,31,133,44
2023-12,PHARM01,OC006,후라보노 구강청결제,의약외품,구강청결제,bottle,119,62,198,103
2023-12,PHARM01,CG010,코푸시럽,일반의약품,감기약,bottle,88,52,309,76
2023-12,PHARM01,TH004,수은온도계,의약외품,체온계,unit,106,49,140,66
2023-12,PHARM01,DS009,스톱디정,일반의약품,지사제,box,128,61,221,90
2023-12,PHARM02,EX001,포비돈요오드액,일반의약품,외용제,bottle,166,60,343,83
2023-12,PHARM01,HS006,메디컬 세니겔,의약외품,손소독제,gel,86,42,249,53
2023-12,PHARM01,NP003,퀘티아핀정,전문의약품,정신신경용제,box,22,10,263,17
2024-01,PHARM02,TH010,스마트체온계,의약외품,체온계,unit,133,72,345,126
2024-01,PHARM01,DM007,아카보스정,전문의약품,당뇨병_치료제,box,30,10,81,13
2024-01,PHARM02,OP003,졸피뎀정,전문의약품,기타_전문의약품,box,94,34,115,44
2024-01,PHARM01,SA008,메디가운,의약외품,방역용품,unit,76,26,300,38
2024-01,PHARM02,NP003,퀘티아핀정,전문의약품,정신신경용제,box,198,84,134,104
2024-01,PHARM01,DG002,베아제정,일반의약품,소화제,box,40,20,287,35
2024-01,PHARM02,MK010,블랙 마스크 중형,의약외품,마스크,pack,68,30,106,38
2024-01,PHARM02,EX007,클로트리마졸크림,일반의약품,외용제,tube,66,29,105,50
2024-01,PHARM02,AC003,독소루비신주,전문의약품,항암제,vial,117,74,147,102
2024-01,PHARM02,DS003,키즈지사시럽,일반의약품,지사제,bottle,172,59,325,95
2024-01,PHARM01,AB001,아목시실린캡슐,전문의약품,항생제,box,100,66,37,117
2024-01,PHARM01,OG006,써큐란정,일반의약품,기타_일반의약품,box,44,24,352,34
2024-01,PHARM01,HS006,메디컬 세니겔,의약외품,손소독제,gel,62,41,303,50
2024-01,PHARM02,AN002,펜잘큐정,일반의약품,해열진통제,box,29,16,189,23
2024-01,PHARM02,OE002,스킨프로텍터,의약외품,기타_의약외품,tube,107,42,178,66
2024-01,PHARM02,SA001,락스플러스 스프레이,의약외품,방역용품,bottle,108,38,197,57
2024-01,PHARM01,OE001,헬스밴드,의약외품,기타_의약외품,box,196,72,105,105
2024-01,PHARM02,NP008,클로자핀정,전문의약품,정신신경용제,box,47,27,326,45
2024-01,PHARM02,OC002,클리오덴트,의약외품,구강청결제,bottle,59,30,191,49
2024-01,PHARM02,AC005,게피티닙정,전문의약품,항암제,box,69,44,74,74
2024-01,PHARM02,OG003,칼디정,일반의약품,기타_일반의약품,box,114,62,290,84
2024-01,PHARM01,MM003,모션캡슐,일반의약품,멀미약,box,15,9,154,12
2024-01,PHARM01,DS009,스톱디정,일반의약품,지사제,box,140,85,345,111
2024-01,PHARM02,MK003,비말차단 마스크,의약외품,마스크,pack,115,46,236,82
2024-01,PHARM02,PA006,브루펜플러스정,일반의약품,진통소염제,box,115,47,346,80
2024-01,PHARM02,OC001,가그린 오리지널,의약외품,구강청결제,bottle,107,50,58,66
2024-01,PHARM01,OP006,리스페리돈정,전문의약품,기타_전문의약품,box,159,85,256,117
2024-01,PHARM01,DG006,디제정,일반의약품,소화제,box,195,81,127,126
2024-01,PHARM01,DM009,시타-메트정,전문의약품,당뇨병_치료제,box,109,47,135,59
2024-01,PHARM01,DM010,다파-메트정,전문의약품,당뇨병_치료제,box,34,18,182,22
2024-01,PHARM01,MK010,블랙 마스크 중형,의약외품,마스크,pack,50,18,123,31
2024-01,PHARM01,AN002,펜잘큐정,일반의약품,해열진통제,box,120,79,109,120
2024-01,PHARM01,AB008,클래리스로마이신정,전문의약품,항생제,box,160,63,155,97
2024-01,PHARM01,HS007,센서티브 세니타이저,의약외품,손소독제,gel,72,25,341,38
2024-01,PHARM01,NP003,퀘티아핀정,전문의약품,정신신경용제,box,42,14,82,17
2024-01,PHARM01,SA004,멸균장갑,의약외품,방역용품,box,129,59,171,90
2024-01,PHARM02,AC008,파클리탁셀주,전문의약품,항암제,vial,127,46,293,55
2024-01,PHARM01,HB007,카프토프릴정,전문의약품,고혈압_치료제,box,122,60,272,105
2024-01,PHARM01,DG003,가스모틴정,일반의약품,소화제,box,180,70,250,88
2024-01,PHARM01,DS006,디아리톨정,일반의약품,지사제,box,125,47,240,78
2024-01,PHARM02,HT004,게보린정,일반의약품,해열진통제,box,30,10,186,16
2024-01,PHARM01,PA004,제일파스,일반의약품,진통소염제,patch,50,26,108,40
2024-01,PHARM01,NP004,알프라졸람정,전문의약품,정신신경용제,box,49,32,52,51
2024-01,PHARM01,EX010,아크네 스팟겔,일반의약품,외용제,tube,206,75,96,123
2024-01,PHARM01,NP001,에스시탈로프람정,전문의약품,정신신경용제,box,67,32,340,51
2024-01,PHARM01,DG009,엔자임파우더,일반의약품,소화제,sachet,147,58,34,100
2024-01,PHARM02,EX001,포비돈요오드액,일반의약품,외용제,bottle,173,101,232,165
2024-01,PHARM02,SA006,소독거즈백,의약외품,방역용품,pack,141,81,199,105
2024-01,PHARM01,OC006,후라보노 구강청결제,의약외품,구강청결제,bottle,98,43,221,57
2024-01,PHARM02,AN004,게보린정,일반의약품,해열진통제,box,41,21,120,34
2024-01,PHARM01,AN006,챔프시럽,일반의약품,해열진통제,bottle,104,59,123,94
2024-01,PHARM02,TH002,이어체온계,의약외품,체온계,unit,65,24,75,42
2024-01,PHARM01,DM008,글리메-메트정,전문의약품,당뇨병_치료제,box,214,90,88,154
2024-01,PHARM02,HT009,키즈부루펜시럽,일반의약품,해열진통제,bottle,53,23,100,31
2024-01,PHARM01,MM005,롱액션멀미정,일반의약품,멀미약,box,84,41,226,56
2024-01,PHARM01,DM001,글리메피리드정,전문의약품,당뇨병_치료제,box,181,81,89,141
2024-01,PHARM02,CG005,벤포라민시럽,일반의약품,감기약,bottle,163,77,32,130
2024-01,PHARM01,TH001,전자체온계,의약외품,체온계,unit,137,47,340,76
2024-01,PHARM01,AN010,케토날캡슐,일반의약품,해열진통제,box,75,46,253,77
2024-01,PHARM02,AB004,레보플록사신정,전문의약품,항생제,box,62,29,39,39
2024-01,PHARM01,DG010,트리몰정,일반의약품,소화제,box,86,33,245,49
2024-01,PHARM02,MK002,KF80 마스크 소형,의약외품,마스크,pack,63,26,43,34
2024-01,PHARM02,HB010,투탑스정,전문의약품,고혈압_치료제,box,116,50,89,79
2024-01,PHARM01,BD010,클린밴드,의약외품,밴드_반창고,box,38,20,76,30
2024-01,PHARM02,DG005,겔포스엠액,일반의약품,소화제,bottle,68,24,282,40
2024-01,PHARM02,HT002,펜잘큐정,일반의약품,해열진통제,box,242,93,94,136
2024-01,PHARM02,HS008,라지 핸드스프레이,의약외품,손소독제,spray,181,64,88,106
2024-01,PHARM01,SA007,방진마스크,의약외품,방역용품,pack,98,60,352,94
2024-01,PHARM01,HB006,엑스포지정,전문의약품,고혈압_치료제,box,24,15,177,19
2024-01,PHARM02,HT005,탁센정,일반의약품,해열진통제,box,205,72,120,90
2024-01,PHARM02,HS001,유한 손소독제 젤,의약외품,손소독제,gel,147,53,134,76
2024-01,PHARM02,PA010,스포트겔 스프레이,일반의약품,진통소염제,spray,114,76,337,94
2024-01,PHARM01,CG010,코푸시럽,일반의약품,감기약,bottle,129,54,189,78
2024-01,PHARM01,BD001,박카스밴드,의약외품,밴드_반창고,box,177,73,283,97
2024-01,PHARM02,BD001,박카스밴드,의약외품,밴드_반창고,box,93,37,345,54
2024-01,PHARM01,TH007,키즈이어체온계,의약외품,체온계,unit,73,31,260,41
2024-01,PHARM01,DS005,카올린정,일반의약품,지사제,box,113,40,33,63
2024-01,PHARM01,TH004,수은온도계,의약외품,체온계,unit,57,30,47,49
2024-01,PHARM01,HB009,하이드랄라진정,전문의약품,고혈압_치료제,box,13,9,332,13
2024-01,PHARM02,AB003,에리트로마이신정,전문의약품,항생제,box,174,73,197,98
2024-02,PHARM01,BD001,박카스밴드,의약외품,밴드_반창고,box,88,54,326,66
2024-02,PHARM01,AN006,챔프시럽,일반의약품,해열진통제,bottle,92,56,175,67
2024-02,PHARM02,PA006,브루펜플러스정,일반의약품,진통소염제,box,79,43,82,61
2024-02,PHARM02,AN004,게보린정,일반의약품,해열진통제,box,23,13,65,19
2024-02,PHARM01,HS007,센서티브 세니타이저,의약외품,손소독제,gel,67,29,264,52
2024-02,PHARM01,SA004,멸균장갑,의약외품,방역용품,box,220,80,251,107
2024-02,PHARM02,TH010,스마트체온계,의약외품,체온계,unit,153,57,39,83
2024-02,PHARM02,AC003,독소루비신주,전문의약품,항암제,vial,238,95,295,140
2024-02,PHARM02,HS001,유한 손소독제 젤,의약외품,손소독제,gel,157,53,65,65
2024-02,PHARM01,NP004,알프라졸람정,전문의약품,정신신경용제,box,62,32,105,54
2024-02,PHARM01,AB001,아목시실린캡슐,전문의약품,항생제,box,125,64,235,78
2024-02,PHARM02,BD001,박카스밴드,의약외품,밴드_반창고,box,109,40,188,60
2024-02,PHARM02,OE002,스킨프로텍터,의약외품,기타_의약외품,tube,85,42,59,55
2024-02,PHARM01,HS006,메디컬 세니겔,의약외품,손소독제,gel,142,48,53,62
2024-02,PHARM01,DS005,카올린정,일반의약품,지사제,box,102,39,360,49
2024-02,PHARM01,EX010,아크네 스팟겔,일반의약품,외용제,tube,149,67,359,117
2024-02,PHARM01,OC006,후라보노 구강청결제,의약외품,구강청결제,bottle,122,62,107,101
2024-02,PHARM01,DM007,아카보스정,전문의약품,당뇨병_치료제,box,21,11,197,18
2024-02,PHARM02,OP003,졸피뎀정,전문의약품,기타_전문의약품,box,98,34,59,47
2024-02,PHARM02,MK010,블랙 마스크 중형,의약외품,마스크,pack,71,43,70,52
2024-02,PHARM02,OC001,가그린 오리지널,의약외품,구강청결제,bottle,89,48,177,61
2024-02,PHARM01,DG002,베아제정,일반의약품,소화제,box,38,18,233,26
2024-02,PHARM01,DM010,다파-메트정,전문의약품,당뇨병_치료제,box,48,17,113,20
2024-02,PHARM01,MK010,블랙 마스크 중형,의약외품,마스크,pack,35,23,208,35
2024-02,PHARM01,HB006,엑스포지정,전문의약품,고혈압_치료제,box,49,21,179,34
2024-02,PHARM02,MK002,KF80 마스크 소형,의약외품,마스크,pack,65,28,114,36
2024-02,PHARM02,HS008,라지 핸드스프레이,의약외품,손소독제,spray,173,58,135,100
2024-02,PHARM01,DG006,디제정,일반의약품,소화제,box,261,96,148,141
2024-02,PHARM01,AN002,펜잘큐정,일반의약품,해열진통제,box,126,77,232,103
2024-02,PHARM02,NP003,퀘티아핀정,전문의약품,정신신경용제,box,117,69,360,102
2024-02,PHARM01,SA008,메디가운,의약외품,방역용품,unit,73,34,90,56
2024-02,PHARM02,HT002,펜잘큐정,일반의약품,해열진통제,box,96,57,114,101
2024-02,PHARM02,EX001,포비돈요오드액,일반의약품,외용제,bottle,168,94,263,144
2024-02,PHARM02,AB004,레보플록사신정,전문의약품,항생제,box,49,31,83,37
2024-02,PHARM01,AB008,클래리스로마이신정,전문의약품,항생제,box,140,59,97,75
2024-02,PHARM02,EX007,클로트리마졸크림,일반의약품,외용제,tube,85,42,312,62
2024-02,PHARM01,OP006,리스페리돈정,전문의약품,기타_전문의약품,box,123,52,363,64
2024-02,PHARM01,OG006,써큐란정,일반의약품,기타_일반의약품,box,104,40,34,60
2024-02,PHARM01,CG010,코푸시럽,일반의약품,감기약,bottle,189,72,210,122
2024-02,PHARM01,HB009,하이드랄라진정,전문의약품,고혈압_치료제,box,30,10,116,15
2024-02,PHARM01,DM009,시타-메트정,전문의약품,당뇨병_치료제,box,120,59,217,81
2024-02,PHARM02,TH002,이어체온계,의약외품,체온계,unit,54,28,203,35
2024-02,PHARM01,TH004,수은온도계,의약외품,체온계,unit,134,46,256,74
2024-02,PHARM02,AN002,펜잘큐정,일반의약품,해열진통제,box,38,14,61,20
2024-02,PHARM01,DM001,글리메피리드정,전문의약품,당뇨병_치료제,box,157,65,137,90
2024-02,PHARM02,OG003,칼디정,일반의약품,기타_일반의약품,box,179,74,327,107
2024-02,PHARM02,AC005,게피티닙정,전문의약품,항암제,box,74,43,363,74
2024-02,PHARM01,NP003,퀘티아핀정,전문의약품,정신신경용제,box,16,10,292,13
2024-02,PHARM01,TH001,전자체온계,의약외품,체온계,unit,114,53,167,85
2024-02,PHARM01,DS006,디아리톨정,일반의약품,지사제,box,171,65,351,85
2024-02,PHARM01,MM003,모션캡슐,일반의약품,멀미약,box,20,11,227,17
2024-02,PHARM02,AB003,에리트로마이신정,전문의약품,항생제,box,182,68,285,118
2024-02,PHARM02,HT004,게보린정,일반의약품,해열진통제,box,21,9,31,12
2024-02,PHARM01,DS009,스톱디정,일반의약품,지사제,box,121,50,314,73
2024-02,PHARM02,OC002,클리오덴트,의약외품,구강청결제,bottle,74,27,321,48
2024-02,PHARM01,AN010,케토날캡슐,일반의약품,해열진통제,box,91,56,359,94
2024-02,PHARM02,PA010,스포트겔 스프레이,일반의약품,진통소염제,spray,103,59,286,101
2024-02,PHARM01,DG010,트리몰정,일반의약품,소화제,box,84,29,276,48
2024-02,PHARM02,MK003,비말차단 마스크,의약외품,마스크,pack,130,63,335,101
2024-02,PHARM01,BD010,클린밴드,의약외품,밴드_반창고,box,33,20,136,24
2024-02,PHARM01,PA004,제일파스,일반의약품,진통소염제,patch,78,27,52,41
2024-02,PHARM02,CG005,벤포라민시럽,일반의약품,감기약,bottle,224,84,83,135
2024-02,PHARM02,SA006,소독거즈백,의약외품,방역용품,pack,161,83,56,109
2024-02,PHARM01,TH007,키즈이어체온계,의약외품,체온계,unit,53,33,208,43
2024-02,PHARM02,HB010,투탑스정,전문의약품,고혈압_치료제,box,105,58,247,79
2024-02,PHARM01,DG003,가스모틴정,일반의약품,소화제,box,125,46,154,77
2024-02,PHARM02,NP008,클로자핀정,전문의약품,정신신경용제,box,62,22,315,26
2024-02,PHARM02,DG005,겔포스엠액,일반의약품,소화제,bottle,91,31,172,50
2024-02,PHARM01,OE001,헬스밴드,의약외품,기타_의약외품,box,176,68,308,112
2024-02,PHARM01,NP001,에스시탈로프람정,전문의약품,정신신경용제,box,101,48,205,71
2024-02,PHARM02,HT009,키즈부루펜시럽,일반의약품,해열진통제,bottle,50,17,287,26
2024-02,PHARM02,AC008,파클리탁셀주,전문의약품,항암제,vial,75,44,175,71
2024-02,PHARM02,SA001,락스플러스 스프레이,의약외품,방역용품,bottle,80,38,62,55
2024-02,PHARM02,DS003,키즈지사시럽,일반의약품,지사제,bottle,102,65,151,107
2024-02,PHARM01,DG009,엔자임파우더,일반의약품,소화제,sachet,131,70,139,109
2024-02,PHARM01,MM005,롱액션멀미정,일반의약품,멀미약,box,158,59,63,102
2024-02,PHARM02,HT005,탁센정,일반의약품,해열진통제,box,155,63,256,109
2024-02,PHARM01,HB007,카프토프릴정,전문의약품,고혈압_치료제,box,71,47,88,81
2024-02,PHARM01,DM008,글리메-메트정,전문의약품,당뇨병_치료제,box,198,66,313,95
2024-02,PHARM01,SA007,방진마스크,의약외품,방역용품,pack,170,59,81,101
2024-03,PHARM01,HB006,엑스포지정,전문의약품,고혈압_치료제,box,52,23,210,30
2024-03,PHARM01,DM008,글리메-메트정,전문의약품,당뇨병_치료제,box,177,86,200,146
2024-03,PHARM01,SA007,방진마스크,의약외품,방역용품,pack,96,61,329,100
2024-03,PHARM01,EX010,아크네 스팟겔,일반의약품,외용제,tube,103,67,199,81
2024-03,PHARM02,MK002,KF80 마스크 소형,의약외품,마스크,pack,59,21,160,25
2024-03,PHARM02,HS001,유한 손소독제 젤,의약외품,손소독제,gel,152,55,352,71
2024-03,PHARM02,HT009,키즈부루펜시럽,일반의약품,해열진통제,bottle,21,13,333,17
2024-03,PHARM02,OC001,가그린 오리지널,의약외품,구강청결제,bottle,68,32,78,45
2024-03,PHARM01,AN010,케토날캡슐,일반의약품,해열진통제,box,135,47,64,76
2024-03,PHARM02,CG005,벤포라민시럽,일반의약품,감기약,bottle,138,60,283,76
2024-03,PHARM01,AN006,챔프시럽,일반의약품,해열진통제,bottle,98,44,338,73
2024-03,PHARM01,NP003,퀘티아핀정,전문의약품,정신신경용제,box,22,9,275,11
2024-03,PHARM02,AB004,레보플록사신정,전문의약품,항생제,box,59,33,114,51
2024-03,PHARM02,PA010,스포트겔 스프레이,일반의약품,진통소염제,spray,94,63,49,102
2024-03,PHARM01,DM009,시타-메트정,전문의약품,당뇨병_치료제,box,126,44,277,60
2024-03,PHARM01,DG009,엔자임파우더,일반의약품,소화제,sachet,151,54,232,82
2024-03,PHARM01,DM001,글리메피리드정,전문의약품,당뇨병_치료제,box,188,71,230,117
2024-03,PHARM02,TH002,이어체온계,의약외품,체온계,unit,72,27,96,37
2024-03,PHARM01,TH007,키즈이어체온계,의약외품,체온계,unit,147,51,160,67
2024-03,PHARM02,DS003,키즈지사시럽,일반의약품,지사제,bottle,135,59,226,100
2024-03,PHARM01,OP006,리스페리돈정,전문의약품,기타_전문의약품,box,237,82,61,138
2024-03,PHARM02,AC005,게피티닙정,전문의약품,항암제,box,108,37,113,45
2024-03,PHARM01,MM005,롱액션멀미정,일반의약품,멀미약,box,84,53,272,79
2024-03,PHARM01,OC006,후라보노 구강청결제,의약외품,구강청결제,bottle,111,60,275,85
2024-03,PHARM02,HT002,펜잘큐정,일반의약품,해열진통제,box,71,41,95,60
2024-03,PHARM01,TH001,전자체온계,의약외품,체온계,unit,119,43,194,59
2024-03,PHARM01,NP001,에스시탈로프람정,전문의약품,정신신경용제,box,78,46,191,76
2024-03,PHARM02,EX001,포비돈요오드액,일반의약품,외용제,bottle,238,91,93,141
2024-03,PHARM01,DM010,다파-메트정,전문의약품,당뇨병_치료제,box,35,21,216,34
2024-03,PHARM02,AN004,게보린정,일반의약품,해열진통제,box,21,11,257,15
2024-03,PHARM01,DG010,트리몰정,일반의약품,소화제,box,54,25,234,44
2024-03,PHARM01,DS009,스톱디정,일반의약품,지사제,box,145,66,264,107
2024-03,PHARM01,HS007,센서티브 세니타이저,의약외품,손소독제,gel,117,41,204,60
2024-03,PHARM01,MM003,모션캡슐,일반의약품,멀미약,box,12,8,159,12
2024-03,PHARM01,DS006,디아리톨정,일반의약품,지사제,box,102,46,75,60
2024-03,PHARM01,NP004,알프라졸람정,전문의약품,정신신경용제,box,98,39,132,63
2024-03,PHARM02,OE002,스킨프로텍터,의약외품,기타_의약외품,tube,46,30,55,38
2024-03,PHARM01,AB001,아목시실린캡슐,전문의약품,항생제,box,138,75,279,117
2024-03,PHARM01,HS006,메디컬 세니겔,의약외품,손소독제,gel,153,52,323,85
2024-03,PHARM01,TH004,수은온도계,의약외품,체온계,unit,78,43,126,63
2024-03,PHARM02,AN002,펜잘큐정,일반의약품,해열진통제,box,24,12,35,18
2024-03,PHARM01,PA004,제일파스,일반의약품,진통소염제,patch,52,29,295,47
2024-03,PHARM02,OG003,칼디정,일반의약품,기타_일반의약품,box,180,78,64,111
2024-03,PHARM02,OP003,졸피뎀정,전문의약품,기타_전문의약품,box,54,23,76,34
2024-03,PHARM02,AC008,파클리탁셀주,전문의약품,항암제,vial,114,41,265,55
2024-03,PHARM02,DG005,겔포스엠액,일반의약품,소화제,bottle,30,20,96,32
2024-03,PHARM01,DG003,가스모틴정,일반의약품,소화제,box,212,79,129,111
2024-03,PHARM01,OE001,헬스밴드,의약외품,기타_의약외품,box,96,56,58,82
2024-03,PHARM01,DS005,카올린정,일반의약품,지사제,box,102,40,171,54
2024-03,PHARM01,OG006,써큐란정,일반의약품,기타_일반의약품,box,49,28,287,37
2024-03,PHARM02,NP008,클로자핀정,전문의약품,정신신경용제,box,33,22,194,36
2024-03,PHARM01,HB007,카프토프릴정,전문의약품,고혈압_치료제,box,134,60,174,87
2024-03,PHARM02,SA001,락스플러스 스프레이,의약외품,방역용품,bottle,79,53,66,75
2024-03,PHARM02,HT004,게보린정,일반의약품,해열진통제,box,26,11,129,17
2024-03,PHARM02,OC002,클리오덴트,의약외품,구강청결제,bottle,62,24,149,36
2024-03,PHARM02,PA006,브루펜플러스정,일반의약품,진통소염제,box,87,30,78,49
2024-03,PHARM01,BD010,클린밴드,의약외품,밴드_반창고,box,46,21,354,36
2024-03,PHARM02,MK010,블랙 마스크 중형,의약외품,마스크,pack,101,45,302,56
2024-03,PHARM01,MK010,블랙 마스크 중형,의약외품,마스크,pack,51,23,93,32
2024-03,PHARM01,DG002,베아제정,일반의약품,소화제,box,40,18,312,31
2024-03,PHARM02,HS008,라지 핸드스프레이,의약외품,손소독제,spray,93,41,185,54
2024-03,PHARM01,DG006,디제정,일반의약품,소화제,box,237,89,172,147
2024-03,PHARM02,HB010,투탑스정,전문의약품,고혈압_치료제,box,126,65,304,100
2024-03,PHARM02,SA006,소독거즈백,의약외품,방역용품,pack,92,47,36,62
2024-03,PHARM01,AN002,펜잘큐정,일반의약품,해열진통제,box,103,36,299,58
2024-03,PHARM02,MK003,비말차단 마스크,의약외품,마스크,pack,145,55,165,91
2024-03,PHARM02,EX007,클로트리마졸크림,일반의약품,외용제,tube,72,34,143,43
2024-03,PHARM01,SA008,메디가운,의약외품,방역용품,unit,52,26,294,40
2024-03,PHARM01,SA004,멸균장갑,의약외품,방역용품,box,156,70,360,114
2024-03,PHARM02,HT005,탁센정,일반의약품,해열진통제,box,134,66,271,109
2024-03,PHARM01,AB008,클래리스로마이신정,전문의약품,항생제,box,190,74,230,92
2024-03,PHARM02,TH010,스마트체온계,의약외품,체온계,unit,114,56,287,76
2024-03,PHARM01,DM007,아카보스정,전문의약품,당뇨병_치료제,box,18,9,120,13
2024-03,PHARM01,CG010,코푸시럽,일반의약품,감기약,bottle,160,54,173,94
2024-03,PHARM01,HB009,하이드랄라진정,전문의약품,고혈압_치료제,box,32,12,59,19
2024-03,PHARM02,NP003,퀘티아핀정,전문의약품,정신신경용제,box,203,83,195,120
2024-03,PHARM02,AB003,에리트로마이신정,전문의약품,항생제,box,250,84,157,107
2024-03,PHARM01,BD001,박카스밴드,의약외품,밴드_반창고,box,169,94,365,161
2024-03,PHARM02,AC003,독소루비신주,전문의약품,항암제,vial,159,83,188,147
2024-03,PHARM02,BD001,박카스밴드,의약외품,밴드_반창고,box,112,39,130,58
2024-04,PHARM02,AC008,파클리탁셀주,전문의약품,항암제,vial,89,30,102,44
2024-04,PHARM01,DS006,디아리톨정,일반의약품,지사제,box,91,39,179,67
2024-04,PHARM02,HT005,탁센정,일반의약품,해열진통제,box,179,65,266,107
2024-04,PHARM01,BD010,클린밴드,의약외품,밴드_반창고,box,69,24,327,37
2024-04,PHARM01,HB007,카프토프릴정,전문의약품,고혈압_치료제,box,139,57,70,74
2024-04,PHARM01,NP003,퀘티아핀정,전문의약품,정신신경용제,box,20,12,357,15
2024-04,PHARM01,MK010,블랙 마스크 중형,의약외품,마스크,pack,35,17,102,21
2024-04,PHARM01,DG009,엔자임파우더,일반의약품,소화제,sachet,154,78,275,130
2024-04,PHARM01,DM009,시타-메트정,전문의약품,당뇨병_치료제,box,173,60,121,75
2024-04,PHARM01,AN002,펜잘큐정,일반의약품,해열진통제,box,129,51,133,80
2024-04,PHARM02,DS003,키즈지사시럽,일반의약품,지사제,bottle,84,49,135,60
2024-04,PHARM01,AB008,클래리스로마이신정,전문의약품,항생제,box,139,59,31,95
2024-04,PHARM01,BD001,박카스밴드,의약외품,밴드_반창고,box,162,73,158,102
2024-04,PHARM01,HB006,엑스포지정,전문의약품,고혈압_치료제,box,50,23,176,35
2024-04,PHARM02,EX001,포비돈요오드액,일반의약품,외용제,bottle,101,55,172,67
2024-04,PHARM02,AC005,게피티닙정,전문의약품,항암제,box,65,34,70,45
2024-04,PHARM01,SA004,멸균장갑,의약외품,방역용품,box,123,67,152,107
2024-04,PHARM01,NP004,알프라졸람정,전문의약품,정신신경용제,box,58,33,84,44
2024-04,PHARM02,PA010,스포트겔 스프레이,일반의약품,진통소염제,spray,160,64,229,88
2024-04,PHARM02,AB003,에리트로마이신정,전문의약품,항생제,box,235,89,363,141
2024-04,PHARM01,DM010,다파-메트정,전문의약품,당뇨병_치료제,box,26,15,287,26
2024-04,PHARM02,HT004,게보린정,일반의약품,해열진통제,box,12,7,365,9
2024-04,PHARM01,EX010,아크네 스팟겔,일반의약품,외용제,tube,173,70,196,111
2024-04,PHARM01,DG003,가스모틴정,일반의약품,소화제,box,131,44,318,67
2024-04,PHARM01,NP001,에스시탈로프람정,전문의약품,정신신경용제,box,125,52,189,85
2024-04,PHARM01,PA004,제일파스,일반의약품,진통소염제,patch,51,25,224,35
2024-04,PHARM01,HS007,센서티브 세니타이저,의약외품,손소독제,gel,48,29,98,47
2024-04,PHARM01,TH007,키즈이어체온계,의약외품,체온계,unit,105,35,195,44
2024-04,PHARM02,BD001,박카스밴드,의약외품,밴드_반창고,box,57,27,192,47
2024-04,PHARM02,MK002,KF80 마스크 소형,의약외품,마스크,pack,53,28,44,38
2024-04,PHARM01,HS006,메디컬 세니겔,의약외품,손소독제,gel,118,57,133,90
2024-04,PHARM02,OC001,가그린 오리지널,의약외품,구강청결제,bottle,71,41,50,58
2024-04,PHARM02,NP008,클로자핀정,전문의약품,정신신경용제,box,73,32,239,55
2024-04,PHARM02,DG005,겔포스엠액,일반의약품,소화제,bottle,53,27,137,36
2024-04,PHARM01,DS005,카올린정,일반의약품,지사제,box,86,42,268,71
2024-04,PHARM01,DG002,베아제정,일반의약품,소화제,box,45,18,211,28
2024-04,PHARM01,DG006,디제정,일반의약품,소화제,box,270,96,157,147
2024-04,PHARM02,MK010,블랙 마스크 중형,의약외품,마스크,pack,78,34,146,52
2024-04,PHARM02,SA001,락스플러스 스프레이,의약외품,방역용품,bottle,93,37,274,50
2024-04,PHARM01,OG006,써큐란정,일반의약품,기타_일반의약품,box,62,24,43,39
2024-04,PHARM01,OE001,헬스밴드,의약외품,기타_의약외품,box,120,68,54,83
2024-04,PHARM02,HS008,라지 핸드스프레이,의약외품,손소독제,spray,122,65,259,97
2024-04,PHARM02,EX007,클로트리마졸크림,일반의약품,외용제,tube,104,38,270,59
2024-04,PHARM01,SA008,메디가운,의약외품,방역용품,unit,60,40,115,67
2024-04,PHARM01,DG010,트리몰정,일반의약품,소화제,box,71,29,127,44
2024-04,PHARM01,CG010,코푸시럽,일반의약품,감기약,bottle,69,37,352,45
2024-04,PHARM02,TH010,스마트체온계,의약외품,체온계,unit,83,45,178,59
2024-04,PHARM01,DM007,아카보스정,전문의약품,당뇨병_치료제,box,22,13,191,19
2024-04,PHARM02,NP003,퀘티아핀정,전문의약품,정신신경용제,box,188,73,265,131
2024-04,PHARM02,AC003,독소루비신주,전문의약품,항암제,vial,90,58,171,99
2024-04,PHARM02,OP003,졸피뎀정,전문의약품,기타_전문의약품,box,65,35,259,51
2024-04,PHARM01,HB009,하이드랄라진정,전문의약품,고혈압_치료제,box,23,10,86,15
2024-04,PHARM02,PA006,브루펜플러스정,일반의약품,진통소염제,box,83,34,224,53
2024-04,PHARM02,AN002,펜잘큐정,일반의약품,해열진통제,box,30,12,68,17
2024-04,PHARM02,OE002,스킨프로텍터,의약외품,기타_의약외품,tube,41,24,217,36
2024-04,PHARM01,AB001,아목시실린캡슐,전문의약품,항생제,box,194,77,146,134
2024-04,PHARM01,OP006,리스페리돈정,전문의약품,기타_전문의약품,box,137,57,82,74
2024-04,PHARM01,AN006,챔프시럽,일반의약품,해열진통제,bottle,158,56,230,73
2024-04,PHARM01,TH004,수은온도계,의약외품,체온계,unit,120,41,337,69
2024-04,PHARM02,OG003,칼디정,일반의약품,기타_일반의약품,box,184,63,204,84
2024-04,PHARM01,AN010,케토날캡슐,일반의약품,해열진통제,box,137,46,124,71
2024-04,PHARM02,AB004,레보플록사신정,전문의약품,항생제,box,91,32,50,50
2024-04,PHARM02,HS001,유한 손소독제 젤,의약외품,손소독제,gel,81,48,179,78
2024-04,PHARM01,MM005,롱액션멀미정,일반의약품,멀미약,box,142,59,46,96
2024-04,PHARM02,MK003,비말차단 마스크,의약외품,마스크,pack,96,60,118,75
2024-04,PHARM02,HT002,펜잘큐정,일반의약품,해열진통제,box,147,52,227,74
2024-04,PHARM02,OC002,클리오덴트,의약외품,구강청결제,bottle,63,23,268,39
2024-04,PHARM01,DS009,스톱디정,일반의약품,지사제,box,165,56,65,98
2024-04,PHARM02,TH002,이어체온계,의약외품,체온계,unit,53,29,215,43
2024-04,PHARM02,HT009,키즈부루펜시럽,일반의약품,해열진통제,bottle,25,17,104,27
2024-04,PHARM01,TH001,전자체온계,의약외품,체온계,unit,66,40,308,48
2024-04,PHARM02,SA006,소독거즈백,의약외품,방역용품,pack,144,78,173,136
2024-04,PHARM01,MM003,모션캡슐,일반의약품,멀미약,box,31,11,166,17
2024-04,PHARM01,DM008,글리메-메트정,전문의약품,당뇨병_치료제,box,244,91,266,122
2024-04,PHARM01,SA007,방진마스크,의약외품,방역용품,pack,124,61,153,105
2024-04,PHARM01,OC006,후라보노 구강청결제,의약외품,구강청결제,bottle,99,43,284,56
2024-04,PHARM01,DM001,글리메피리드정,전문의약품,당뇨병_치료제,box,131,52,347,64
2024-04,PHARM02,AN004,게보린정,일반의약품,해열진통제,box,34,12,51,18
2024-04,PHARM02,CG005,벤포라민시럽,일반의약품,감기약,bottle,153,51,326,66
2024-04,PHARM02,HB010,투탑스정,전문의약품,고혈압_치료제,box,152,62,124,97
2024-05,PHARM02,MK003,비말차단 마스크,의약외품,마스크,pack,102,45,172,77
2024-05,PHARM02,AN002,펜잘큐정,일반의약품,해열진통제,box,29,12,139,18
2024-05,PHARM02,HT005,탁센정,일반의약품,해열진통제,box,156,72,174,121
2024-05,PHARM01,HS007,센서티브 세니타이저,의약외품,손소독제,gel,58,38,76,60
2024-05,PHARM01,TH004,수은온도계,의약외품,체온계,unit,128,43,315,61
2024-05,PHARM02,DG005,겔포스엠액,일반의약품,소화제,bottle,74,32,174,55
2024-05,PHARM02,OP003,졸피뎀정,전문의약품,기타_전문의약품,box,64,33,286,57
2024-05,PHARM01,DG003,가스모틴정,일반의약품,소화제,box,171,77,109,116
2024-05,PHARM01,BD010,클린밴드,의약외품,밴드_반창고,box,44,18,81,22
2024-05,PHARM02,SA001,락스플러스 스프레이,의약외품,방역용품,bottle,97,35,79,53
2024-05,PHARM02,SA006,소독거즈백,의약외품,방역용품,pack,123,59,286,92
2024-05,PHARM02,OG003,칼디정,일반의약품,기타_일반의약품,box,120,61,86,86
2024-05,PHARM01,DS006,디아리톨정,일반의약품,지사제,box,93,46,33,69
2024-05,PHARM02,AC008,파클리탁셀주,전문의약품,항암제,vial,68,34,291,55
2024-05,PHARM01,DS009,스톱디정,일반의약품,지사제,box,163,68,38,109
2024-05,PHARM02,HB010,투탑스정,전문의약품,고혈압_치료제,box,141,55,259,80
2024-05,PHARM02,NP008,클로자핀정,전문의약품,정신신경용제,box,43,22,105,34
2024-05,PHARM01,DG010,트리몰정,일반의약품,소화제,box,61,27,278,35
2024-05,PHARM01,HS006,메디컬 세니겔,의약외품,손소독제,gel,174,73,49,128
2024-05,PHARM01,DM001,글리메피리드정,전문의약품,당뇨병_치료제,box,168,66,194,99
2024-05,PHARM01,HB006,엑스포지정,전문의약품,고혈압_치료제,box,45,26,125,39
2024-05,PHARM02,CG005,벤포라민시럽,일반의약품,감기약,bottle,121,63,213,84
2024-05,PHARM01,AN010,케토날캡슐,일반의약품,해열진통제,box,126,50,163,64
2024-05,PHARM02,HS001,유한 손소독제 젤,의약외품,손소독제,gel,106,37,86,65
2024-05,PHARM01,NP001,에스시탈로프람정,전문의약품,정신신경용제,box,147,51,156,83
2024-05,PHARM01,MM005,롱액션멀미정,일반의약품,멀미약,box,151,73,339,128
2024-05,PHARM02,TH002,이어체온계,의약외품,체온계,unit,61,26,147,43
2024-05,PHARM02,HT009,키즈부루펜시럽,일반의약품,해열진통제,bottle,35,23,232,35
2024-05,PHARM01,EX010,아크네 스팟겔,일반의약품,외용제,tube,171,77,356,108
2024-05,PHARM01,OC006,후라보노 구강청결제,의약외품,구강청결제,bottle,100,56,38,74
2024-05,PHARM02,PA010,스포트겔 스프레이,일반의약품,진통소염제,spray,95,63,115,107
2024-05,PHARM02,AC005,게피티닙정,전문의약품,항암제,box,123,47,362,61
2024-05,PHARM02,AN004,게보린정,일반의약품,해열진통제,box,39,14,215,22
2024-05,PHARM02,HT002,펜잘큐정,일반의약품,해열진통제,box,98,45,340,67
2024-05,PHARM01,AN006,챔프시럽,일반의약품,해열진통제,bottle,79,31,324,42
2024-05,PHARM02,MK002,KF80 마스크 소형,의약외품,마스크,pack,51,21,192,26
2024-05,PHARM01,NP004,알프라졸람정,전문의약품,정신신경용제,box,65,25,103,35
2024-05,PHARM02,OE002,스킨프로텍터,의약외품,기타_의약외품,tube,74,27,37,46
2024-05,PHARM02,PA006,브루펜플러스정,일반의약품,진통소염제,box,85,42,76,71
2024-05,PHARM02,AC003,독소루비신주,전문의약품,항암제,vial,85,56,295,75
2024-05,PHARM02,TH010,스마트체온계,의약외품,체온계,unit,149,72,96,127
2024-05,PHARM01,AB008,클래리스로마이신정,전문의약품,항생제,box,123,47,293,77
2024-05,PHARM02,HS008,라지 핸드스프레이,의약외품,손소독제,spray,163,66,248,113
2024-05,PHARM02,BD001,박카스밴드,의약외품,밴드_반창고,box,62,23,94,35
2024-05,PHARM02,DS003,키즈지사시럽,일반의약품,지사제,bottle,102,49,196,76
2024-05,PHARM01,DM009,시타-메트정,전문의약품,당뇨병_치료제,box,121,45,268,68
2024-05,PHARM02,MK010,블랙 마스크 중형,의약외품,마스크,pack,49,31,269,41
2024-05,PHARM01,SA008,메디가운,의약외품,방역용품,unit,63,30,309,48
2024-05,PHARM01,MK010,블랙 마스크 중형,의약외품,마스크,pack,39,20,67,29
2024-05,PHARM02,OC001,가그린 오리지널,의약외품,구강청결제,bottle,123,57,102,90
2024-05,PHARM01,AN002,펜잘큐정,일반의약품,해열진통제,box,119,66,200,93
2024-05,PHARM02,EX007,클로트리마졸크림,일반의약품,외용제,tube,61,28,140,34
2024-05,PHARM02,AB003,에리트로마이신정,전문의약품,항생제,box,175,86,117,147
2024-05,PHARM01,OG006,써큐란정,일반의약품,기타_일반의약품,box,98,39,34,52
2024-05,PHARM01,DG002,베아제정,일반의약품,소화제,box,62,22,218,38
2024-05,PHARM02,NP003,퀘티아핀정,전문의약품,정신신경용제,box,128,83,178,127
2024-05,PHARM01,MM003,모션캡슐,일반의약품,멀미약,box,16,8,188,10
2024-05,PHARM01,DM007,아카보스정,전문의약품,당뇨병_치료제,box,27,10,290,15
2024-05,PHARM01,CG010,코푸시럽,일반의약품,감기약,bottle,86,32,162,50
2024-05,PHARM01,HB009,하이드랄라진정,전문의약품,고혈압_치료제,box,15,7,267,11
2024-05,PHARM02,AB004,레보플록사신정,전문의약품,항생제,box,89,36,117,46
2024-05,PHARM01,DM008,글리메-메트정,전문의약품,당뇨병_치료제,box,113,62,57,97
2024-05,PHARM01,HB007,카프토프릴정,전문의약품,고혈압_치료제,box,118,49,227,70
2024-05,PHARM01,OP006,리스페리돈정,전문의약품,기타_전문의약품,box,133,50,160,68
2024-05,PHARM01,OE001,헬스밴드,의약외품,기타_의약외품,box,153,51,297,82
2024-05,PHARM02,OC002,클리오덴트,의약외품,구강청결제,bottle,69,30,252,41
2024-05,PHARM01,DS005,카올린정,일반의약품,지사제,box,111,41,214,58
2024-05,PHARM01,DG006,디제정,일반의약품,소화제,box,130,66,339,107
2024-05,PHARM01,PA004,제일파스,일반의약품,진통소염제,patch,96,38,136,52
2024-05,PHARM01,TH001,전자체온계,의약외품,체온계,unit,77,47,200,71
2024-05,PHARM01,TH007,키즈이어체온계,의약외품,체온계,unit,79,38,37,52
2024-05,PHARM01,SA004,멸균장갑,의약외품,방역용품,box,103,58,98,81
2024-05,PHARM01,DM010,다파-메트정,전문의약품,당뇨병_치료제,box,24,16,246,21
2024-05,PHARM02,EX001,포비돈요오드액,일반의약품,외용제,bottle,128,84,278,111
2024-05,PHARM01,BD001,박카스밴드,의약외품,밴드_반창고,box,143,61,205,92
2024-05,PHARM01,AB001,아목시실린캡슐,전문의약품,항생제,box,138,64,327,87
2024-05,PHARM01,NP003,퀘티아핀정,전문의약품,정신신경용제,box,17,10,236,12
2024-05,PHARM01,DG009,엔자임파우더,일반의약품,소화제,sachet,126,48,236,63
2024-05,PHARM01,SA007,방진마스크,의약외품,방역용품,pack,85,43,290,54
2024-05,PHARM02,HT004,게보린정,일반의약품,해열진통제,box,20,10,283,13
2024-06,PHARM02,AC003,독소루비신주,전문의약품,항암제,vial,203,74,275,113
2024-06,PHARM01,OE001,헬스밴드,의약외품,기타_의약외품,box,168,80,153,96
2024-06,PHARM01,DG006,디제정,일반의약품,소화제,box,288,117,219,181
2024-06,PHARM01,NP004,알프라졸람정,전문의약품,정신신경용제,box,51,32,46,55
2024-06,PHARM02,MK010,블랙 마스크 중형,의약외품,마스크,pack,71,32,280,43
2024-06,PHARM02,HT004,게보린정,일반의약품,해열진통제,box,26,11,98,17
2024-06,PHARM02,AN002,펜잘큐정,일반의약품,해열진통제,box,17,10,40,13
2024-06,PHARM01,DM007,아카보스정,전문의약품,당뇨병_치료제,box,28,13,63,20
2024-06,PHARM02,TH010,스마트체온계,의약외품,체온계,unit,170,58,128,70
2024-06,PHARM01,AB001,아목시실린캡슐,전문의약품,항생제,box,161,66,190,107
2024-06,PHARM02,PA006,브루펜플러스정,일반의약품,진통소염제,box,99,42,122,65
2024-06,PHARM02,OE002,스킨프로텍터,의약외품,기타_의약외품,tube,69,41,236,53
2024-06,PHARM01,SA004,멸균장갑,의약외품,방역용품,box,183,80,188,116
2024-06,PHARM01,AB008,클래리스로마이신정,전문의약품,항생제,box,118,66,55,83
2024-06,PHARM02,NP003,퀘티아핀정,전문의약품,정신신경용제,box,72,48,155,63
2024-06,PHARM02,EX007,클로트리마졸크림,일반의약품,외용제,tube,54,28,296,48
2024-06,PHARM01,SA008,메디가운,의약외품,방역용품,unit,53,25,105,39
2024-06,PHARM01,DG009,엔자임파우더,일반의약품,소화제,sachet,145,95,134,120
2024-06,PHARM02,EX001,포비돈요오드액,일반의약품,외용제,bottle,137,87,247,137
2024-06,PHARM01,NP001,에스시탈로프람정,전문의약품,정신신경용제,box,152,51,298,88
2024-06,PHARM02,CG005,벤포라민시럽,일반의약품,감기약,bottle,150,66,269,107
2024-06,PHARM01,NP003,퀘티아핀정,전문의약품,정신신경용제,box,29,12,284,18
2024-06,PHARM01,DG010,트리몰정,일반의약품,소화제,box,80,51,289,75
2024-06,PHARM01,DM001,글리메피리드정,전문의약품,당뇨병_치료제,box,161,60,351,95
2024-06,PHARM01,TH001,전자체온계,의약외품,체온계,unit,91,60,294,99
2024-06,PHARM01,MK010,블랙 마스크 중형,의약외품,마스크,pack,28,18,224,32
2024-06,PHARM01,DM010,다파-메트정,전문의약품,당뇨병_치료제,box,53,19,320,30
2024-06,PHARM01,AN010,케토날캡슐,일반의약품,해열진통제,box,136,59,118,81
2024-06,PHARM01,DM009,시타-메트정,전문의약품,당뇨병_치료제,box,122,44,359,67
2024-06,PHARM01,MM005,롱액션멀미정,일반의약품,멀미약,box,184,62,250,90
2024-06,PHARM02,TH002,이어체온계,의약외품,체온계,unit,46,28,149,49
2024-06,PHARM02,DS003,키즈지사시럽,일반의약품,지사제,bottle,150,74,175,120
2024-06,PHARM01,DM008,글리메-메트정,전문의약품,당뇨병_치료제,box,143,87,139,138
2024-06,PHARM02,HT009,키즈부루펜시럽,일반의약품,해열진통제,bottle,36,17,354,20
2024-06,PHARM02,AB004,레보플록사신정,전문의약품,항생제,box,109,37,267,49
2024-06,PHARM01,OC006,후라보노 구강청결제,의약외품,구강청결제,bottle,123,58,85,84
2024-06,PHARM02,AN004,게보린정,일반의약품,해열진통제,box,32,11,296,15
2024-06,PHARM01,AN002,펜잘큐정,일반의약품,해열진통제,box,93,54,52,80
2024-06,PHARM01,OP006,리스페리돈정,전문의약품,기타_전문의약품,box,179,60,354,103
2024-06,PHARM02,MK002,KF80 마스크 소형,의약외품,마스크,pack,75,28,246,43
2024-06,PHARM01,AN006,챔프시럽,일반의약품,해열진통제,bottle,97,43,247,52
2024-06,PHARM02,OC001,가그린 오리지널,의약외품,구강청결제,bottle,131,56,220,86
2024-06,PHARM01,DG002,베아제정,일반의약품,소화제,box,47,26,315,43
2024-06,PHARM01,DS005,카올린정,일반의약품,지사제,box,101,34,264,60
2024-06,PHARM01,HS006,메디컬 세니겔,의약외품,손소독제,gel,107,56,228,100
2024-06,PHARM02,OC002,클리오덴트,의약외품,구강청결제,bottle,81,36,283,61
2024-06,PHARM02,OP003,졸피뎀정,전문의약품,기타_전문의약품,box,74,38,361,52
2024-06,PHARM01,TH007,키즈이어체온계,의약외품,체온계,unit,160,54,37,80
2024-06,PHARM02,HB010,투탑스정,전문의약품,고혈압_치료제,box,124,66,94,80
2024-06,PHARM02,AC008,파클리탁셀주,전문의약품,항암제,vial,70,43,44,58
2024-06,PHARM02,AB003,에리트로마이신정,전문의약품,항생제,box,131,53,50,67
2024-06,PHARM01,OG006,써큐란정,일반의약품,기타_일반의약품,box,72,32,197,41
2024-06,PHARM02,DG005,겔포스엠액,일반의약품,소화제,bottle,97,34,81,56
2024-06,PHARM02,HS008,라지 핸드스프레이,의약외품,손소독제,spray,121,48,268,65
2024-06,PHARM01,DS006,디아리톨정,일반의약품,지사제,box,131,52,310,91
2024-06,PHARM01,TH004,수은온도계,의약외품,체온계,unit,104,37,279,53
2024-06,PHARM01,HB007,카프토프릴정,전문의약품,고혈압_치료제,box,108,62,277,78
2024-06,PHARM01,HB009,하이드랄라진정,전문의약품,고혈압_치료제,box,36,12,244,20
2024-06,PHARM02,BD001,박카스밴드,의약외품,밴드_반창고,box,60,30,73,39
2024-06,PHARM02,HT002,펜잘큐정,일반의약품,해열진통제,box,127,47,280,67
2024-06,PHARM01,SA007,방진마스크,의약외품,방역용품,pack,95,39,167,56
2024-06,PHARM02,HS001,유한 손소독제 젤,의약외품,손소독제,gel,92,51,230,83
2024-06,PHARM01,HB006,엑스포지정,전문의약품,고혈압_치료제,box,61,26,197,32
2024-06,PHARM02,PA010,스포트겔 스프레이,일반의약품,진통소염제,spray,147,59,91,82
2024-06,PHARM02,AC005,게피티닙정,전문의약품,항암제,box,71,30,180,45
2024-06,PHARM01,BD010,클린밴드,의약외품,밴드_반창고,box,33,19,151,23
2024-06,PHARM01,BD001,박카스밴드,의약외품,밴드_반창고,box,140,64,190,81
2024-06,PHARM02,HT005,탁센정,일반의약품,해열진통제,box,83,45,341,75
2024-06,PHARM01,CG010,코푸시럽,일반의약품,감기약,bottle,124,49,199,65
2024-06,PHARM01,PA004,제일파스,일반의약품,진통소염제,patch,93,34,151,48
2024-06,PHARM01,EX010,아크네 스팟겔,일반의약품,외용제,tube,217,84,197,133
2024-06,PHARM01,MM003,모션캡슐,일반의약품,멀미약,box,20,7,51,10
2024-06,PHARM01,DG003,가스모틴정,일반의약품,소화제,box,140,63,210,87
2024-06,PHARM02,MK003,비말차단 마스크,의약외품,마스크,pack,141,58,98,88
2024-06,PHARM02,SA001,락스플러스 스프레이,의약외품,방역용품,bottle,97,44,121,72
2024-06,PHARM01,HS007,센서티브 세니타이저,의약외품,손소독제,gel,96,40,242,62
2024-06,PHARM02,SA006,소독거즈백,의약외품,방역용품,pack,212,77,135,121
2024-06,PHARM01,DS009,스톱디정,일반의약품,지사제,box,241,85,42,151
2024-06,PHARM02,OG003,칼디정,일반의약품,기타_일반의약품,box,200,67,280,113
2024-06,PHARM02,NP008,클로자핀정,전문의약품,정신신경용제,box,68,29,33,42
2024-07,PHARM02,HS001,유한 손소독제 젤,의약외품,손소독제,gel,117,40,247,63
2024-07,PHARM02,NP008,클로자핀정,전문의약품,정신신경용제,box,50,33,272,41
2024-07,PHARM01,CG010,코푸시럽,일반의약품,감기약,bottle,59,31,170,55
2024-07,PHARM02,SA006,소독거즈백,의약외품,방역용품,pack,166,83,365,144
2024-07,PHARM02,MK003,비말차단 마스크,의약외품,마스크,pack,93,43,142,75
2024-07,PHARM01,AN010,케토날캡슐,일반의약품,해열진통제,box,122,60,272,88
2024-07,PHARM02,HT002,펜잘큐정,일반의약품,해열진통제,box,112,62,228,100
2024-07,PHARM01,AB001,아목시실린캡슐,전문의약품,항생제,box,127,72,62,116
2024-07,PHARM02,BD001,박카스밴드,의약외품,밴드_반창고,box,72,35,69,61
2024-07,PHARM01,MM005,롱액션멀미정,일반의약품,멀미약,box,149,71,125,88
2024-07,PHARM01,SA007,방진마스크,의약외품,방역용품,pack,66,44,251,76
2024-07,PHARM02,TH002,이어체온계,의약외품,체온계,unit,54,19,111,25
2024-07,PHARM01,DM001,글리메피리드정,전문의약품,당뇨병_치료제,box,152,64,244,86
2024-07,PHARM01,TH001,전자체온계,의약외품,체온계,unit,127,56,361,97
2024-07,PHARM02,PA006,브루펜플러스정,일반의약품,진통소염제,box,108,43,301,60
2024-07,PHARM01,DG010,트리몰정,일반의약품,소화제,box,91,50,194,68
2024-07,PHARM02,SA001,락스플러스 스프레이,의약외품,방역용품,bottle,132,48,161,78
2024-07,PHARM01,NP003,퀘티아핀정,전문의약품,정신신경용제,box,31,14,321,17
2024-07,PHARM02,PA010,스포트겔 스프레이,일반의약품,진통소염제,spray,254,86,38,149
2024-07,PHARM02,AC005,게피티닙정,전문의약품,항암제,box,110,52,142,76
2024-07,PHARM02,AN002,펜잘큐정,일반의약품,해열진통제,box,26,10,92,17
2024-07,PHARM02,CG005,벤포라민시럽,일반의약품,감기약,bottle,194,67,79,106
2024-07,PHARM01,NP001,에스시탈로프람정,전문의약품,정신신경용제,box,129,47,365,56
2024-07,PHARM01,BD001,박카스밴드,의약외품,밴드_반창고,box,174,80,314,111
2024-07,PHARM01,OE001,헬스밴드,의약외품,기타_의약외품,box,202,71,283,107
2024-07,PHARM02,HT005,탁센정,일반의약품,해열진통제,box,175,65,358,106
2024-07,PHARM01,DG009,엔자임파우더,일반의약품,소화제,sachet,128,76,46,122
2024-07,PHARM01,HB006,엑스포지정,전문의약품,고혈압_치료제,box,58,20,110,31
2024-07,PHARM01,DM008,글리메-메트정,전문의약품,당뇨병_치료제,box,101,67,102,85
2024-07,PHARM01,HS006,메디컬 세니겔,의약외품,손소독제,gel,84,42,295,71
2024-07,PHARM01,EX010,아크네 스팟겔,일반의약품,외용제,tube,165,57,80,71
2024-07,PHARM02,TH010,스마트체온계,의약외품,체온계,unit,189,64,194,113
2024-07,PHARM01,DM007,아카보스정,전문의약품,당뇨병_치료제,box,19,11,235,15
2024-07,PHARM01,DG006,디제정,일반의약품,소화제,box,254,120,356,193
2024-07,PHARM02,MK010,블랙 마스크 중형,의약외품,마스크,pack,67,34,195,50
2024-07,PHARM02,OP003,졸피뎀정,전문의약품,기타_전문의약품,box,92,31,296,39
2024-07,PHARM01,TH007,키즈이어체온계,의약외품,체온계,unit,80,33,164,56
2024-07,PHARM02,OG003,칼디정,일반의약품,기타_일반의약품,box,104,52,152,72
2024-07,PHARM02,AB003,에리트로마이신정,전문의약품,항생제,box,153,64,168,77
2024-07,PHARM01,DG002,베아제정,일반의약품,소화제,box,65,22,320,37
2024-07,PHARM02,NP003,퀘티아핀정,전문의약품,정신신경용제,box,170,81,133,98
2024-07,PHARM01,SA008,메디가운,의약외품,방역용품,unit,51,33,207,45
2024-07,PHARM02,EX007,클로트리마졸크림,일반의약품,외용제,tube,58,36,147,61
2024-07,PHARM02,OC001,가그린 오리지널,의약외품,구강청결제,bottle,145,51,30,65
2024-07,PHARM01,AN006,챔프시럽,일반의약품,해열진통제,bottle,112,40,125,56
2024-07,PHARM01,DS009,스톱디정,일반의약품,지사제,box,113,54,166,74
2024-07,PHARM02,HB010,투탑스정,전문의약품,고혈압_치료제,box,115,76,309,98
2024-07,PHARM01,TH004,수은온도계,의약외품,체온계,unit,109,47,146,67
2024-07,PHARM02,AC003,독소루비신주,전문의약품,항암제,vial,129,68,117,82
2024-07,PHARM02,OC002,클리오덴트,의약외품,구강청결제,bottle,81,31,259,51
2024-07,PHARM01,MM003,모션캡슐,일반의약품,멀미약,box,22,12,268,17
2024-07,PHARM01,OP006,리스페리돈정,전문의약품,기타_전문의약품,box,158,78,337,103
2024-07,PHARM02,AN004,게보린정,일반의약품,해열진통제,box,26,11,38,18
2024-07,PHARM02,DG005,겔포스엠액,일반의약품,소화제,bottle,62,26,140,38
2024-07,PHARM02,HS008,라지 핸드스프레이,의약외품,손소독제,spray,165,56,178,80
2024-07,PHARM01,DS005,카올린정,일반의약품,지사제,box,41,27,315,33
2024-07,PHARM02,AB004,레보플록사신정,전문의약품,항생제,box,44,28,141,45
2024-07,PHARM02,OE002,스킨프로텍터,의약외품,기타_의약외품,tube,77,37,254,63
2024-07,PHARM01,OC006,후라보노 구강청결제,의약외품,구강청결제,bottle,91,55,226,81
2024-07,PHARM02,HT009,키즈부루펜시럽,일반의약품,해열진통제,bottle,50,23,217,34
2024-07,PHARM01,HB009,하이드랄라진정,전문의약품,고혈압_치료제,box,18,9,308,14
2024-07,PHARM02,MK002,KF80 마스크 소형,의약외품,마스크,pack,69,24,349,31
2024-07,PHARM01,OG006,써큐란정,일반의약품,기타_일반의약품,box,114,41,287,71
2024-07,PHARM02,EX001,포비돈요오드액,일반의약품,외용제,bottle,176,76,132,107
2024-07,PHARM01,MK010,블랙 마스크 중형,의약외품,마스크,pack,35,16,154,25
2024-07,PHARM02,DS003,키즈지사시럽,일반의약품,지사제,bottle,164,76,98,112
2024-07,PHARM01,DS006,디아리톨정,일반의약품,지사제,box,120,70,251,125
2024-07,PHARM02,AC008,파클리탁셀주,전문의약품,항암제,vial,64,30,255,48
2024-07,PHARM01,DM009,시타-메트정,전문의약품,당뇨병_치료제,box,172,59,311,88
2024-07,PHARM01,AB008,클래리스로마이신정,전문의약품,항생제,box,131,49,316,85
2024-07,PHARM02,HT004,게보린정,일반의약품,해열진통제,box,22,11,318,15
2024-07,PHARM01,DM010,다파-메트정,전문의약품,당뇨병_치료제,box,49,20,290,34
2024-07,PHARM01,HB007,카프토프릴정,전문의약품,고혈압_치료제,box,131,49,177,83
2024-07,PHARM01,PA004,제일파스,일반의약품,진통소염제,patch,41,23,121,33
2024-07,PHARM01,DG003,가스모틴정,일반의약품,소화제,box,205,78,153,135
2024-07,PHARM01,NP004,알프라졸람정,전문의약품,정신신경용제,box,63,24,294,32
2024-07,PHARM01,SA004,멸균장갑,의약외품,방역용품,box,176,71,192,91
2024-07,PHARM01,BD010,클린밴드,의약외품,밴드_반창고,box,78,26,327,46
2024-07,PHARM01,AN002,펜잘큐정,일반의약품,해열진통제,box,145,60,261,81
2024-07,PHARM01,HS007,센서티브 세니타이저,의약외품,손소독제,gel,65,33,338,45
2024-08,PHARM02,CG005,벤포라민시럽,일반의약품,감기약,bottle,78,45,232,54
2024-08,PHARM01,DM009,시타-메트정,전문의약품,당뇨병_치료제,box,106,46,83,67
2024-08,PHARM01,EX010,아크네 스팟겔,일반의약품,외용제,tube,165,66,329,82
2024-08,PHARM01,CG010,코푸시럽,일반의약품,감기약,bottle,102,49,240,66
2024-08,PHARM02,DG005,겔포스엠액,일반의약품,소화제,bottle,77,26,182,33
2024-08,PHARM01,AB008,클래리스로마이신정,전문의약품,항생제,box,123,72,202,117
2024-08,PHARM02,TH002,이어체온계,의약외품,체온계,unit,66,28,162,49
2024-08,PHARM02,MK010,블랙 마스크 중형,의약외품,마스크,pack,66,35,88,43
2024-08,PHARM02,HS001,유한 손소독제 젤,의약외품,손소독제,gel,89,33,214,43
2024-08,PHARM01,TH004,수은온도계,의약외품,체온계,unit,102,42,158,64
2024-08,PHARM02,HS008,라지 핸드스프레이,의약외품,손소독제,spray,108,64,147,96
2024-08,PHARM01,DM007,아카보스정,전문의약품,당뇨병_치료제,box,20,13,149,15
2024-08,PHARM01,AN010,케토날캡슐,일반의약품,해열진통제,box,121,50,242,75
2024-08,PHARM02,HB010,투탑스정,전문의약품,고혈압_치료제,box,207,72,121,114
2024-08,PHARM01,DM010,다파-메트정,전문의약품,당뇨병_치료제,box,58,21,341,26
2024-08,PHARM01,NP003,퀘티아핀정,전문의약품,정신신경용제,box,27,9,217,12
2024-08,PHARM01,DS009,스톱디정,일반의약품,지사제,box,183,70,32,86
2024-08,PHARM01,SA007,방진마스크,의약외품,방역용품,pack,122,55,163,78
2024-08,PHARM01,MK010,블랙 마스크 중형,의약외품,마스크,pack,50,24,286,30
2024-08,PHARM01,TH001,전자체온계,의약외품,체온계,unit,112,52,100,72
2024-08,PHARM01,DG006,디제정,일반의약품,소화제,box,277,112,203,192
2024-08,PHARM01,MM005,롱액션멀미정,일반의약품,멀미약,box,67,45,62,57
2024-08,PHARM02,OE002,스킨프로텍터,의약외품,기타_의약외품,tube,72,29,200,38
2024-08,PHARM01,DG002,베아제정,일반의약품,소화제,box,73,31,99,38
2024-08,PHARM02,EX001,포비돈요오드액,일반의약품,외용제,bottle,288,99,177,175
2024-08,PHARM01,AN002,펜잘큐정,일반의약품,해열진통제,box,174,60,52,105
2024-08,PHARM01,DS005,카올린정,일반의약품,지사제,box,71,26,66,40
2024-08,PHARM02,AB004,레보플록사신정,전문의약품,항생제,box,42,21,63,31
2024-08,PHARM02,AN004,게보린정,일반의약품,해열진통제,box,47,18,56,32
2024-08,PHARM01,OP006,리스페리돈정,전문의약품,기타_전문의약품,box,165,55,178,91
2024-08,PHARM02,HT002,펜잘큐정,일반의약품,해열진통제,box,89,57,167,90
2024-08,PHARM02,HT004,게보린정,일반의약품,해열진통제,box,11,7,42,9
2024-08,PHARM02,MK002,KF80 마스크 소형,의약외품,마스크,pack,53,22,300,34
2024-08,PHARM02,HT009,키즈부루펜시럽,일반의약품,해열진통제,bottle,32,14,269,19
2024-08,PHARM02,BD001,박카스밴드,의약외품,밴드_반창고,box,110,39,111,62
2024-08,PHARM02,OC002,클리오덴트,의약외품,구강청결제,bottle,46,29,332,41
2024-08,PHARM02,DS003,키즈지사시럽,일반의약품,지사제,bottle,188,86,32,151
2024-08,PHARM02,NP008,클로자핀정,전문의약품,정신신경용제,box,70,24,346,41
2024-08,PHARM01,DM008,글리메-메트정,전문의약품,당뇨병_치료제,box,183,90,241,149
2024-08,PHARM01,HB009,하이드랄라진정,전문의약품,고혈압_치료제,box,34,12,292,15
2024-08,PHARM01,OC006,후라보노 구강청결제,의약외품,구강청결제,bottle,129,47,361,76
2024-08,PHARM02,OC001,가그린 오리지널,의약외품,구강청결제,bottle,83,33,149,44
2024-08,PHARM01,DS006,디아리톨정,일반의약품,지사제,box,116,43,103,54
2024-08,PHARM02,EX007,클로트리마졸크림,일반의약품,외용제,tube,86,32,264,43
2024-08,PHARM02,SA006,소독거즈백,의약외품,방역용품,pack,152,57,338,92
2024-08,PHARM02,AC008,파클리탁셀주,전문의약품,항암제,vial,91,36,189,53
2024-08,PHARM01,SA008,메디가운,의약외품,방역용품,unit,67,24,53,42
2024-08,PHARM01,DM001,글리메피리드정,전문의약품,당뇨병_치료제,box,175,75,127,96
2024-08,PHARM02,TH010,스마트체온계,의약외품,체온계,unit,198,76,325,115
2024-08,PHARM02,HT005,탁센정,일반의약품,해열진통제,box,119,54,351,89
2024-08,PHARM02,MK003,비말차단 마스크,의약외품,마스크,pack,129,54,212,79
2024-08,PHARM02,PA010,스포트겔 스프레이,일반의약품,진통소염제,spray,122,69,116,115
2024-08,PHARM01,NP004,알프라졸람정,전문의약품,정신신경용제,box,53,28,30,46
2024-08,PHARM01,MM003,모션캡슐,일반의약품,멀미약,box,17,10,303,12
2024-08,PHARM02,PA006,브루펜플러스정,일반의약품,진통소염제,box,69,30,156,53
2024-08,PHARM01,NP001,에스시탈로프람정,전문의약품,정신신경용제,box,71,40,205,49
2024-08,PHARM01,OE001,헬스밴드,의약외품,기타_의약외품,box,130,81,99,141
2024-08,PHARM01,BD010,클린밴드,의약외품,밴드_반창고,box,49,23,100,31
2024-08,PHARM01,TH007,키즈이어체온계,의약외품,체온계,unit,90,46,363,71
2024-08,PHARM01,HS006,메디컬 세니겔,의약외품,손소독제,gel,106,67,49,103
2024-08,PHARM01,HB007,카프토프릴정,전문의약품,고혈압_치료제,box,145,49,74,60
2024-08,PHARM01,DG009,엔자임파우더,일반의약품,소화제,sachet,219,80,267,141
2024-08,PHARM01,HB006,엑스포지정,전문의약품,고혈압_치료제,box,33,16,118,24
2024-08,PHARM01,SA004,멸균장갑,의약외품,방역용품,box,97,58,309,98
2024-08,PHARM02,NP003,퀘티아핀정,전문의약품,정신신경용제,box,177,72,201,119
2024-08,PHARM01,BD001,박카스밴드,의약외품,밴드_반창고,box,211,92,165,126
2024-08,PHARM02,AC005,게피티닙정,전문의약품,항암제,box,56,31,290,38
2024-08,PHARM01,OG006,써큐란정,일반의약품,기타_일반의약품,box,61,35,100,52
2024-08,PHARM02,AB003,에리트로마이신정,전문의약품,항생제,box,201,69,318,88
2024-08,PHARM02,AN002,펜잘큐정,일반의약품,해열진통제,box,21,8,188,9
2024-08,PHARM01,PA004,제일파스,일반의약품,진통소염제,patch,65,22,345,33
2024-08,PHARM02,AC003,독소루비신주,전문의약품,항암제,vial,185,73,76,96
2024-08,PHARM01,AN006,챔프시럽,일반의약품,해열진통제,bottle,55,34,317,42
2024-08,PHARM01,AB001,아목시실린캡슐,전문의약품,항생제,box,90,50,115,62
2024-08,PHARM02,OP003,졸피뎀정,전문의약품,기타_전문의약품,box,81,39,31,65
2024-08,PHARM01,HS007,센서티브 세니타이저,의약외품,손소독제,gel,106,42,289,70
2024-08,PHARM01,DG003,가스모틴정,일반의약품,소화제,box,225,78,61,113
2024-08,PHARM02,OG003,칼디정,일반의약품,기타_일반의약품,box,184,85,209,132
2024-08,PHARM01,DG010,트리몰정,일반의약품,소화제,box,102,43,251,73
2024-08,PHARM02,SA001,락스플러스 스프레이,의약외품,방역용품,bottle,117,42,72,66
2024-09,PHARM02,AN002,펜잘큐정,일반의약품,해열진통제,box,21,10,353,14
2024-09,PHARM01,HB009,하이드랄라진정,전문의약품,고혈압_치료제,box,16,9,327,16
2024-09,PHARM02,NP008,클로자핀정,전문의약품,정신신경용제,box,95,34,48,42
2024-09,PHARM01,DM009,시타-메트정,전문의약품,당뇨병_치료제,box,151,61,289,83
2024-09,PHARM01,AN006,챔프시럽,일반의약품,해열진통제,bottle,113,56,199,99
2024-09,PHARM01,DG003,가스모틴정,일반의약품,소화제,box,121,51,154,68
2024-09,PHARM02,BD001,박카스밴드,의약외품,밴드_반창고,box,70,41,255,70
2024-09,PHARM02,MK002,KF80 마스크 소형,의약외품,마스크,pack,36,23,231,28
2024-09,PHARM02,AB004,레보플록사신정,전문의약품,항생제,box,74,27,309,43
2024-09,PHARM02,HT004,게보린정,일반의약품,해열진통제,box,24,12,228,16
2024-09,PHARM02,OC002,클리오덴트,의약외품,구강청결제,bottle,102,36,41,46
2024-09,PHARM02,OP003,졸피뎀정,전문의약품,기타_전문의약품,box,65,42,349,62
2024-09,PHARM01,OP006,리스페리돈정,전문의약품,기타_전문의약품,box,122,56,325,71
2024-09,PHARM02,AN004,게보린정,일반의약품,해열진통제,box,36,18,180,30
2024-09,PHARM01,SA004,멸균장갑,의약외품,방역용품,box,239,87,57,115
2024-09,PHARM02,OG003,칼디정,일반의약품,기타_일반의약품,box,131,53,73,89
2024-09,PHARM01,OE001,헬스밴드,의약외품,기타_의약외품,box,102,51,303,74
2024-09,PHARM01,DG002,베아제정,일반의약품,소화제,box,44,24,139,36
2024-09,PHARM01,MM003,모션캡슐,일반의약품,멀미약,box,13,9,79,11
2024-09,PHARM02,OC001,가그린 오리지널,의약외품,구강청결제,bottle,124,50,189,84
2024-09,PHARM02,OE002,스킨프로텍터,의약외품,기타_의약외품,tube,89,30,155,42
2024-09,PHARM01,DG006,디제정,일반의약품,소화제,box,287,96,208,139
2024-09,PHARM01,PA004,제일파스,일반의약품,진통소염제,patch,104,37,277,57
2024-09,PHARM02,AC003,독소루비신주,전문의약품,항암제,vial,189,67,124,85
2024-09,PHARM01,HS007,센서티브 세니타이저,의약외품,손소독제,gel,64,40,38,52
2024-09,PHARM02,HB010,투탑스정,전문의약품,고혈압_치료제,box,128,69,336,98
2024-09,PHARM02,TH010,스마트체온계,의약외품,체온계,unit,151,60,107,90
2024-09,PHARM01,OG006,써큐란정,일반의약품,기타_일반의약품,box,62,30,54,36
2024-09,PHARM01,HS006,메디컬 세니겔,의약외품,손소독제,gel,139,72,128,101
2024-09,PHARM01,DM007,아카보스정,전문의약품,당뇨병_치료제,box,18,9,171,12
2024-09,PHARM02,HS008,라지 핸드스프레이,의약외품,손소독제,spray,99,61,41,80
2024-09,PHARM01,DS009,스톱디정,일반의약품,지사제,box,148,79,307,114
2024-09,PHARM02,DS003,키즈지사시럽,일반의약품,지사제,bottle,79,49,205,85
2024-09,PHARM01,TH004,수은온도계,의약외품,체온계,unit,62,39,362,54
2024-09,PHARM01,TH007,키즈이어체온계,의약외품,체온계,unit,128,50,144,72
2024-09,PHARM01,AB001,아목시실린캡슐,전문의약품,항생제,box,138,70,214,95
2024-09,PHARM01,AB008,클래리스로마이신정,전문의약품,항생제,box,134,51,353,77
2024-09,PHARM01,DS006,디아리톨정,일반의약품,지사제,box,94,41,325,54
2024-09,PHARM02,MK003,비말차단 마스크,의약외품,마스크,pack,149,67,79,84
2024-09,PHARM02,DG005,겔포스엠액,일반의약품,소화제,bottle,51,32,274,51
2024-09,PHARM01,NP004,알프라졸람정,전문의약품,정신신경용제,box,62,29,282,35
2024-09,PHARM01,SA008,메디가운,의약외품,방역용품,unit,50,23,271,31
2024-09,PHARM02,NP003,퀘티아핀정,전문의약품,정신신경용제,box,134,85,294,118
2024-09,PHARM02,SA001,락스플러스 스프레이,의약외품,방역용품,bottle,143,53,125,89
2024-09,PHARM02,SA006,소독거즈백,의약외품,방역용품,pack,205,70,44,118
2024-09,PHARM01,HB007,카프토프릴정,전문의약품,고혈압_치료제,box,102,47,221,70
2024-09,PHARM02,MK010,블랙 마스크 중형,의약외품,마스크,pack,87,39,73,48
2024-09,PHARM02,PA006,브루펜플러스정,일반의약품,진통소염제,box,96,38,272,58
2024-09,PHARM02,EX007,클로트리마졸크림,일반의약품,외용제,tube,115,39,344,61
2024-09,PHARM01,DM008,글리메-메트정,전문의약품,당뇨병_치료제,box,84,53,42,86
2024-09,PHARM01,MM005,롱액션멀미정,일반의약품,멀미약,box,66,41,31,60
2024-09,PHARM01,DM010,다파-메트정,전문의약품,당뇨병_치료제,box,34,18,78,31
2024-09,PHARM01,DG009,엔자임파우더,일반의약품,소화제,sachet,121,73,229,90
2024-09,PHARM01,NP001,에스시탈로프람정,전문의약품,정신신경용제,box,67,36,162,59
2024-09,PHARM01,TH001,전자체온계,의약외품,체온계,unit,89,40,40,69
2024-09,PHARM02,AC008,파클리탁셀주,전문의약품,항암제,vial,80,46,278,71
2024-09,PHARM01,BD010,클린밴드,의약외품,밴드_반창고,box,53,30,281,37
2024-09,PHARM01,AN010,케토날캡슐,일반의약품,해열진통제,box,137,53,244,75
2024-09,PHARM02,HT009,키즈부루펜시럽,일반의약품,해열진통제,bottle,38,19,100,29
2024-09,PHARM01,CG010,코푸시럽,일반의약품,감기약,bottle,66,30,216,53
2024-09,PHARM02,PA010,스포트겔 스프레이,일반의약품,진통소염제,spray,116,65,341,111
2024-09,PHARM01,NP003,퀘티아핀정,전문의약품,정신신경용제,box,26,10,141,15
2024-09,PHARM01,OC006,후라보노 구강청결제,의약외품,구강청결제,bottle,156,54,253,76
2024-09,PHARM01,DM001,글리메피리드정,전문의약품,당뇨병_치료제,box,89,51,72,62
2024-09,PHARM02,AC005,게피티닙정,전문의약품,항암제,box,66,40,40,56
2024-09,PHARM01,HB006,엑스포지정,전문의약품,고혈압_치료제,box,62,23,92,34
2024-09,PHARM01,MK010,블랙 마스크 중형,의약외품,마스크,pack,55,20,293,27
2024-09,PHARM02,CG005,벤포라민시럽,일반의약품,감기약,bottle,124,44,191,64
2024-09,PHARM01,BD001,박카스밴드,의약외품,밴드_반창고,box,152,79,164,117
2024-09,PHARM02,EX001,포비돈요오드액,일반의약품,외용제,bottle,205,77,281,97
2024-09,PHARM01,SA007,방진마스크,의약외품,방역용품,pack,96,37,31,58
2024-09,PHARM01,EX010,아크네 스팟겔,일반의약품,외용제,tube,183,61,308,107
2024-09,PHARM01,AN002,펜잘큐정,일반의약품,해열진통제,box,162,59,40,81
2024-09,PHARM02,TH002,이어체온계,의약외품,체온계,unit,60,27,320,35
2024-09,PHARM02,HT002,펜잘큐정,일반의약품,해열진통제,box,90,57,202,85
2024-09,PHARM02,HS001,유한 손소독제 젤,의약외품,손소독제,gel,128,56,110,96
2024-09,PHARM02,HT005,탁센정,일반의약품,해열진통제,box,114,70,46,96
2024-09,PHARM01,DG010,트리몰정,일반의약품,소화제,box,92,35,177,45
2024-09,PHARM02,AB003,에리트로마이신정,전문의약품,항생제,box,92,56,348,69
2024-09,PHARM01,DS005,카올린정,일반의약품,지사제,box,69,24,277,41
2024-10,PHARM01,PA004,제일파스,일반의약품,진통소염제,patch,65,30,358,53
2024-10,PHARM01,HS007,센서티브 세니타이저,의약외품,손소독제,gel,115,40,98,56
2024-10,PHARM02,AC003,독소루비신주,전문의약품,항암제,vial,127,80,100,123
2024-10,PHARM02,HB010,투탑스정,전문의약품,고혈압_치료제,box,138,74,191,132
2024-10,PHARM01,TH004,수은온도계,의약외품,체온계,unit,87,29,216,42
2024-10,PHARM02,TH002,이어체온계,의약외품,체온계,unit,55,25,147,37
2024-10,PHARM02,AC005,게피티닙정,전문의약품,항암제,box,125,48,350,67
2024-10,PHARM01,CG010,코푸시럽,일반의약품,감기약,bottle,112,42,83,54
2024-10,PHARM02,EX001,포비돈요오드액,일반의약품,외용제,bottle,213,71,169,94
2024-10,PHARM01,DM007,아카보스정,전문의약품,당뇨병_치료제,box,15,8,53,13
2024-10,PHARM02,HS008,라지 핸드스프레이,의약외품,손소독제,spray,135,55,190,70
2024-10,PHARM02,OE002,스킨프로텍터,의약외품,기타_의약외품,tube,49,32,81,42
2024-10,PHARM02,TH010,스마트체온계,의약외품,체온계,unit,112,51,87,81
2024-10,PHARM01,DG006,디제정,일반의약품,소화제,box,162,68,223,89
2024-10,PHARM01,AN010,케토날캡슐,일반의약품,해열진통제,box,137,51,44,68
2024-10,PHARM02,HS001,유한 손소독제 젤,의약외품,손소독제,gel,82,45,131,78
2024-10,PHARM01,SA007,방진마스크,의약외품,방역용품,pack,162,56,242,68
2024-10,PHARM01,MK010,블랙 마스크 중형,의약외품,마스크,pack,56,22,150,33
2024-10,PHARM01,TH001,전자체온계,의약외품,체온계,unit,122,49,323,59
2024-10,PHARM01,HS006,메디컬 세니겔,의약외품,손소독제,gel,111,51,178,88
2024-10,PHARM01,EX010,아크네 스팟겔,일반의약품,외용제,tube,124,72,327,120
2024-10,PHARM01,DS009,스톱디정,일반의약품,지사제,box,155,86,249,132
2024-10,PHARM01,MM003,모션캡슐,일반의약품,멀미약,box,21,7,339,9
2024-10,PHARM02,SA006,소독거즈백,의약외품,방역용품,pack,164,75,252,125
2024-10,PHARM02,HT005,탁센정,일반의약품,해열진통제,box,171,60,111,98
2024-10,PHARM01,DG003,가스모틴정,일반의약품,소화제,box,128,77,99,120
2024-10,PHARM01,DG009,엔자임파우더,일반의약품,소화제,sachet,169,57,53,97
2024-10,PHARM02,SA001,락스플러스 스프레이,의약외품,방역용품,bottle,59,35,287,42
2024-10,PHARM02,AC008,파클리탁셀주,전문의약품,항암제,vial,112,40,268,60
2024-10,PHARM02,CG005,벤포라민시럽,일반의약품,감기약,bottle,214,78,306,95
2024-10,PHARM02,OG003,칼디정,일반의약품,기타_일반의약품,box,158,53,53,77
2024-10,PHARM01,SA004,멸균장갑,의약외품,방역용품,box,183,64,291,88
2024-10,PHARM01,AN006,챔프시럽,일반의약품,해열진통제,bottle,93,41,186,71
2024-10,PHARM01,DG010,트리몰정,일반의약품,소화제,box,103,35,152,42
2024-10,PHARM01,BD001,박카스밴드,의약외품,밴드_반창고,box,235,85,321,139
2024-10,PHARM02,AN002,펜잘큐정,일반의약품,해열진통제,box,25,11,340,16
2024-10,PHARM01,NP001,에스시탈로프람정,전문의약품,정신신경용제,box,93,42,210,57
2024-10,PHARM01,OE001,헬스밴드,의약외품,기타_의약외품,box,122,59,281,100
2024-10,PHARM02,NP003,퀘티아핀정,전문의약품,정신신경용제,box,175,84,48,106
2024-10,PHARM02,PA010,스포트겔 스프레이,일반의약품,진통소염제,spray,154,87,192,127
2024-10,PHARM02,HT004,게보린정,일반의약품,해열진통제,box,25,11,38,14
2024-10,PHARM01,BD010,클린밴드,의약외품,밴드_반창고,box,53,31,313,47
2024-10,PHARM01,NP004,알프라졸람정,전문의약품,정신신경용제,box,120,41,116,52
2024-10,PHARM01,DM001,글리메피리드정,전문의약품,당뇨병_치료제,box,104,51,220,79
2024-10,PHARM02,MK003,비말차단 마스크,의약외품,마스크,pack,163,72,149,105
2024-10,PHARM02,PA006,브루펜플러스정,일반의약품,진통소염제,box,101,52,139,68
2024-10,PHARM01,AB001,아목시실린캡슐,전문의약품,항생제,box,179,66,109,108
2024-10,PHARM01,TH007,키즈이어체온계,의약외품,체온계,unit,143,54,203,84
2024-10,PHARM01,OG006,써큐란정,일반의약품,기타_일반의약품,box,84,35,128,51
2024-10,PHARM01,NP003,퀘티아핀정,전문의약품,정신신경용제,box,21,12,165,15
2024-10,PHARM02,NP008,클로자핀정,전문의약품,정신신경용제,box,73,25,236,41
2024-10,PHARM01,SA008,메디가운,의약외품,방역용품,unit,61,27,37,34
2024-10,PHARM02,DG005,겔포스엠액,일반의약품,소화제,bottle,45,23,340,29
2024-10,PHARM02,OC002,클리오덴트,의약외품,구강청결제,bottle,95,35,292,51
2024-10,PHARM02,HT002,펜잘큐정,일반의약품,해열진통제,box,118,63,341,81
2024-10,PHARM01,MM005,롱액션멀미정,일반의약품,멀미약,box,97,61,88,104
2024-10,PHARM02,DS003,키즈지사시럽,일반의약품,지사제,bottle,134,61,210,100
2024-10,PHARM02,AB004,레보플록사신정,전문의약품,항생제,box,36,21,66,36
2024-10,PHARM01,HB006,엑스포지정,전문의약품,고혈압_치료제,box,33,18,228,28
2024-10,PHARM02,BD001,박카스밴드,의약외품,밴드_반창고,box,48,28,39,45
2024-10,PHARM01,DM008,글리메-메트정,전문의약품,당뇨병_치료제,box,167,56,146,78
2024-10,PHARM01,DM009,시타-메트정,전문의약품,당뇨병_치료제,box,122,46,152,64
2024-10,PHARM02,OC001,가그린 오리지널,의약외품,구강청결제,bottle,66,34,168,49
2024-10,PHARM02,HT009,키즈부루펜시럽,일반의약품,해열진통제,bottle,31,21,155,30
2024-10,PHARM02,MK002,KF80 마스크 소형,의약외품,마스크,pack,98,33,350,43
2024-10,PHARM01,OC006,후라보노 구강청결제,의약외품,구강청결제,bottle,106,36,187,45
2024-10,PHARM01,DG002,베아제정,일반의약품,소화제,box,33,16,177,20
2024-10,PHARM02,EX007,클로트리마졸크림,일반의약품,외용제,tube,81,28,78,44
2024-10,PHARM01,HB007,카프토프릴정,전문의약품,고혈압_치료제,box,109,40,190,71
2024-10,PHARM01,DS005,카올린정,일반의약품,지사제,box,81,38,290,61
2024-10,PHARM01,OP006,리스페리돈정,전문의약품,기타_전문의약품,box,100,50,271,89
2024-10,PHARM01,HB009,하이드랄라진정,전문의약품,고혈압_치료제,box,19,12,256,17
2024-10,PHARM02,AB003,에리트로마이신정,전문의약품,항생제,box,222,89,353,108
2024-10,PHARM02,OP003,졸피뎀정,전문의약품,기타_전문의약품,box,75,28,199,47
2024-10,PHARM01,AN002,펜잘큐정,일반의약품,해열진통제,box,142,59,239,94
2024-10,PHARM01,AB008,클래리스로마이신정,전문의약품,항생제,box,134,66,215,113
2024-10,PHARM02,MK010,블랙 마스크 중형,의약외품,마스크,pack,83,36,175,47
2024-10,PHARM01,DS006,디아리톨정,일반의약품,지사제,box,111,69,180,111
2024-10,PHARM02,AN004,게보린정,일반의약품,해열진통제,box,31,13,77,19
2024-10,PHARM01,DM010,다파-메트정,전문의약품,당뇨병_치료제,box,58,21,70,30
2024-11,PHARM01,DG003,가스모틴정,일반의약품,소화제,box,136,65,36,96
2024-11,PHARM01,SA007,방진마스크,의약외품,방역용품,pack,163,59,215,75
2024-11,PHARM02,HT005,탁센정,일반의약품,해열진통제,box,118,60,83,95
2024-11,PHARM01,NP001,에스시탈로프람정,전문의약품,정신신경용제,box,135,52,94,84
2024-11,PHARM02,NP008,클로자핀정,전문의약품,정신신경용제,box,87,33,218,49
2024-11,PHARM01,OE001,헬스밴드,의약외품,기타_의약외품,box,203,85,72,103
2024-11,PHARM02,AN002,펜잘큐정,일반의약품,해열진통제,box,16,8,77,10
2024-11,PHARM01,TH007,키즈이어체온계,의약외품,체온계,unit,69,45,280,62
2024-11,PHARM02,NP003,퀘티아핀정,전문의약품,정신신경용제,box,99,50,293,77
2024-11,PHARM02,PA010,스포트겔 스프레이,일반의약품,진통소염제,spray,174,72,172,100
2024-11,PHARM01,HB007,카프토프릴정,전문의약품,고혈압_치료제,box,153,57,337,98
2024-11,PHARM02,EX007,클로트리마졸크림,일반의약품,외용제,tube,52,34,182,54
2024-11,PHARM01,DM001,글리메피리드정,전문의약품,당뇨병_치료제,box,110,44,176,69
2024-11,PHARM01,DG009,엔자임파우더,일반의약품,소화제,sachet,76,46,225,82
2024-11,PHARM01,SA008,메디가운,의약외품,방역용품,unit,99,35,269,44
2024-11,PHARM02,MK002,KF80 마스크 소형,의약외품,마스크,pack,65,34,354,54
2024-11,PHARM01,OG006,써큐란정,일반의약품,기타_일반의약품,box,97,35,270,46
2024-11,PHARM02,CG005,벤포라민시럽,일반의약품,감기약,bottle,162,55,256,89
2024-11,PHARM01,DM009,시타-메트정,전문의약품,당뇨병_치료제,box,63,38,141,52
2024-11,PHARM01,AN002,펜잘큐정,일반의약품,해열진통제,box,133,51,163,70
2024-11,PHARM02,SA001,락스플러스 스프레이,의약외품,방역용품,bottle,165,59,269,79
2024-11,PHARM02,OP003,졸피뎀정,전문의약품,기타_전문의약품,box,55,23,88,39
2024-11,PHARM02,SA006,소독거즈백,의약외품,방역용품,pack,221,74,116,109
2024-11,PHARM02,AC008,파클리탁셀주,전문의약품,항암제,vial,134,48,113,64
2024-11,PHARM02,AN004,게보린정,일반의약품,해열진통제,box,23,14,209,22
2024-11,PHARM01,MM003,모션캡슐,일반의약품,멀미약,box,16,11,220,14
2024-11,PHARM01,EX010,아크네 스팟겔,일반의약품,외용제,tube,194,81,324,97
2024-11,PHARM02,OG003,칼디정,일반의약품,기타_일반의약품,box,178,63,287,97
2024-11,PHARM02,PA006,브루펜플러스정,일반의약품,진통소염제,box,80,32,36,40
2024-11,PHARM02,AB004,레보플록사신정,전문의약품,항생제,box,94,37,109,61
2024-11,PHARM01,AN006,챔프시럽,일반의약품,해열진통제,bottle,74,48,117,62
2024-11,PHARM02,BD001,박카스밴드,의약외품,밴드_반창고,box,69,30,243,38
2024-11,PHARM02,HT002,펜잘큐정,일반의약품,해열진통제,box,149,51,109,71
2024-11,PHARM01,DS009,스톱디정,일반의약품,지사제,box,208,75,198,114
2024-11,PHARM02,HT004,게보린정,일반의약품,해열진통제,box,13,7,221,12
2024-11,PHARM01,BD001,박카스밴드,의약외품,밴드_반창고,box,153,90,162,116
2024-11,PHARM02,HT009,키즈부루펜시럽,일반의약품,해열진통제,bottle,31,19,213,30
2024-11,PHARM01,SA004,멸균장갑,의약외품,방역용품,box,118,69,287,123
2024-11,PHARM01,NP003,퀘티아핀정,전문의약품,정신신경용제,box,31,13,118,18
2024-11,PHARM01,BD010,클린밴드,의약외품,밴드_반창고,box,38,21,195,26
2024-11,PHARM01,HB006,엑스포지정,전문의약품,고혈압_치료제,box,34,18,209,30
2024-11,PHARM01,DM008,글리메-메트정,전문의약품,당뇨병_치료제,box,137,80,85,119
2024-11,PHARM02,MK003,비말차단 마스크,의약외품,마스크,pack,168,61,236,101
2024-11,PHARM02,EX001,포비돈요오드액,일반의약품,외용제,bottle,117,67,180,92
2024-11,PHARM01,TH001,전자체온계,의약외품,체온계,unit,146,58,93,103
2024-11,PHARM02,DG005,겔포스엠액,일반의약품,소화제,bottle,38,18,179,28
2024-11,PHARM01,DG006,디제정,일반의약품,소화제,box,117,60,277,74
2024-11,PHARM01,MM005,롱액션멀미정,일반의약품,멀미약,box,142,68,344,110
2024-11,PHARM02,DS003,키즈지사시럽,일반의약품,지사제,bottle,163,61,62,107
2024-11,PHARM02,OE002,스킨프로텍터,의약외품,기타_의약외품,tube,39,24,143,41
2024-11,PHARM01,DS005,카올린정,일반의약품,지사제,box,81,41,352,63
2024-11,PHARM02,OC001,가그린 오리지널,의약외품,구강청결제,bottle,120,40,266,52
2024-11,PHARM02,TH010,스마트체온계,의약외품,체온계,unit,175,78,365,118
2024-11,PHARM01,AN010,케토날캡슐,일반의약품,해열진통제,box,75,49,337,69
2024-11,PHARM01,PA004,제일파스,일반의약품,진통소염제,patch,63,24,142,31
2024-11,PHARM02,HB010,투탑스정,전문의약품,고혈압_치료제,box,214,77,263,120
2024-11,PHARM02,HS001,유한 손소독제 젤,의약외품,손소독제,gel,61,40,355,58
2024-11,PHARM02,AB003,에리트로마이신정,전문의약품,항생제,box,245,87,250,141
2024-11,PHARM01,DM010,다파-메트정,전문의약품,당뇨병_치료제,box,31,20,119,29
2024-11,PHARM01,DM007,아카보스정,전문의약품,당뇨병_치료제,box,21,9,41,12
2024-11,PHARM02,TH002,이어체온계,의약외품,체온계,unit,46,17,75,20
2024-11,PHARM01,TH004,수은온도계,의약외품,체온계,unit,80,47,204,76
2024-11,PHARM02,MK010,블랙 마스크 중형,의약외품,마스크,pack,64,32,241,55
2024-11,PHARM01,DS006,디아리톨정,일반의약품,지사제,box,165,60,244,72
2024-11,PHARM01,AB008,클래리스로마이신정,전문의약품,항생제,box,146,55,270,87
2024-11,PHARM02,AC003,독소루비신주,전문의약품,항암제,vial,198,66,42,113
2024-11,PHARM01,OP006,리스페리돈정,전문의약품,기타_전문의약품,box,176,72,192,107
2024-11,PHARM02,AC005,게피티닙정,전문의약품,항암제,box,116,55,187,74
2024-11,PHARM01,NP004,알프라졸람정,전문의약품,정신신경용제,box,61,39,362,58
2024-11,PHARM01,HB009,하이드랄라진정,전문의약품,고혈압_치료제,box,25,12,301,16
2024-11,PHARM01,AB001,아목시실린캡슐,전문의약품,항생제,box,175,73,226,103
2024-11,PHARM01,DG002,베아제정,일반의약품,소화제,box,41,19,206,32
2024-11,PHARM02,OC002,클리오덴트,의약외품,구강청결제,bottle,72,27,361,35
2024-11,PHARM01,HS007,센서티브 세니타이저,의약외품,손소독제,gel,84,37,362,53
2024-11,PHARM01,MK010,블랙 마스크 중형,의약외품,마스크,pack,41,21,318,26
2024-11,PHARM01,CG010,코푸시럽,일반의약품,감기약,bottle,76,37,258,48
2024-11,PHARM01,HS006,메디컬 세니겔,의약외품,손소독제,gel,94,51,347,89
2024-11,PHARM01,OC006,후라보노 구강청결제,의약외품,구강청결제,bottle,75,46,223,57
2024-11,PHARM02,HS008,라지 핸드스프레이,의약외품,손소독제,spray,98,56,154,94
2024-11,PHARM01,DG010,트리몰정,일반의약품,소화제,box,100,35,185,49
2024-12,PHARM02,HS008,라지 핸드스프레이,의약외품,손소독제,spray,147,66,181,107
2024-12,PHARM01,HB009,하이드랄라진정,전문의약품,고혈압_치료제,box,20,7,355,12
2024-12,PHARM02,AC005,게피티닙정,전문의약품,항암제,box,122,45,234,71
2024-12,PHARM02,HB010,투탑스정,전문의약품,고혈압_치료제,box,154,61,277,104
2024-12,PHARM02,OC002,클리오덴트,의약외품,구강청결제,bottle,72,24,100,40
2024-12,PHARM02,DG005,겔포스엠액,일반의약품,소화제,bottle,70,31,242,47
2024-12,PHARM02,MK003,비말차단 마스크,의약외품,마스크,pack,113,67,130,113
2024-12,PHARM02,HT005,탁센정,일반의약품,해열진통제,box,198,66,189,111
2024-12,PHARM01,MM003,모션캡슐,일반의약품,멀미약,box,24,10,160,16
2024-12,PHARM02,NP008,클로자핀정,전문의약품,정신신경용제,box,78,31,264,43
2024-12,PHARM01,HB006,엑스포지정,전문의약품,고혈압_치료제,box,30,17,350,24
2024-12,PHARM01,DS006,디아리톨정,일반의약품,지사제,box,91,50,348,82
2024-12,PHARM01,SA007,방진마스크,의약외품,방역용품,pack,124,45,357,80
2024-12,PHARM01,TH004,수은온도계,의약외품,체온계,unit,127,48,277,76
2024-12,PHARM02,OG003,칼디정,일반의약품,기타_일반의약품,box,116,69,121,87
2024-12,PHARM02,PA010,스포트겔 스프레이,일반의약품,진통소염제,spray,227,77,361,112
2024-12,PHARM01,DG003,가스모틴정,일반의약품,소화제,box,179,70,82,92
2024-12,PHARM02,OP003,졸피뎀정,전문의약품,기타_전문의약품,box,48,25,104,40
2024-12,PHARM01,HS007,센서티브 세니타이저,의약외품,손소독제,gel,34,23,85,36
2024-12,PHARM01,TH007,키즈이어체온계,의약외품,체온계,unit,76,30,33,53
2024-12,PHARM01,DS005,카올린정,일반의약품,지사제,box,58,34,113,57
2024-12,PHARM01,OG006,써큐란정,일반의약품,기타_일반의약품,box,47,27,336,35
2024-12,PHARM02,BD001,박카스밴드,의약외품,밴드_반창고,box,81,40,105,58
2024-12,PHARM02,AB003,에리트로마이신정,전문의약품,항생제,box,171,73,295,127
2024-12,PHARM01,BD010,클린밴드,의약외품,밴드_반창고,box,39,23,197,39
2024-12,PHARM01,CG010,코푸시럽,일반의약품,감기약,bottle,114,66,58,79
2024-12,PHARM02,HT002,펜잘큐정,일반의약품,해열진통제,box,157,53,40,80
2024-12,PHARM01,BD001,박카스밴드,의약외품,밴드_반창고,box,216,73,247,122
2024-12,PHARM02,HS001,유한 손소독제 젤,의약외품,손소독제,gel,126,46,227,75
2024-12,PHARM01,HB007,카프토프릴정,전문의약품,고혈압_치료제,box,143,48,101,71
2024-12,PHARM02,AC008,파클리탁셀주,전문의약품,항암제,vial,63,37,348,54
2024-12,PHARM01,DG009,엔자임파우더,일반의약품,소화제,sachet,157,78,325,109
2024-12,PHARM01,OC006,후라보노 구강청결제,의약외품,구강청결제,bottle,74,39,133,69
2024-12,PHARM02,TH002,이어체온계,의약외품,체온계,unit,51,20,325,34
2024-12,PHARM01,NP003,퀘티아핀정,전문의약품,정신신경용제,box,19,12,202,21
2024-12,PHARM02,AN002,펜잘큐정,일반의약품,해열진통제,box,13,9,119,13
2024-12,PHARM01,OE001,헬스밴드,의약외품,기타_의약외품,box,228,77,79,93
2024-12,PHARM01,DG006,디제정,일반의약품,소화제,box,226,88,203,113
2024-12,PHARM02,HT004,게보린정,일반의약품,해열진통제,box,39,16,200,20
2024-12,PHARM02,CG005,벤포라민시럽,일반의약품,감기약,bottle,147,75,133,133
2024-12,PHARM01,NP001,에스시탈로프람정,전문의약품,정신신경용제,box,83,51,253,72
2024-12,PHARM02,MK002,KF80 마스크 소형,의약외품,마스크,pack,62,21,268,37
2024-12,PHARM02,EX001,포비돈요오드액,일반의약품,외용제,bottle,123,64,230,110
2024-12,PHARM02,EX007,클로트리마졸크림,일반의약품,외용제,tube,83,36,227,52
2024-12,PHARM02,OE002,스킨프로텍터,의약외품,기타_의약외품,tube,59,25,299,35
2024-12,PHARM02,AC003,독소루비신주,전문의약품,항암제,vial,199,91,86,153
2024-12,PHARM01,DM009,시타-메트정,전문의약품,당뇨병_치료제,box,139,51,284,69
2024-12,PHARM02,PA006,브루펜플러스정,일반의약품,진통소염제,box,135,46,340,79
2024-12,PHARM01,DM001,글리메피리드정,전문의약품,당뇨병_치료제,box,171,75,132,123
2024-12,PHARM01,NP004,알프라졸람정,전문의약품,정신신경용제,box,54,23,89,40
2024-12,PHARM01,TH001,전자체온계,의약외품,체온계,unit,105,35,161,54
2024-12,PHARM01,SA008,메디가운,의약외품,방역용품,unit,89,30,161,42
2024-12,PHARM01,AB001,아목시실린캡슐,전문의약품,항생제,box,98,58,237,91
2024-12,PHARM02,OC001,가그린 오리지널,의약외품,구강청결제,bottle,107,54,242,72
2024-12,PHARM01,DG002,베아제정,일반의약품,소화제,box,46,17,238,22
2024-12,PHARM01,AN010,케토날캡슐,일반의약품,해열진통제,box,118,58,354,87
2024-12,PHARM02,DS003,키즈지사시럽,일반의약품,지사제,bottle,161,71,313,117
2024-12,PHARM01,HS006,메디컬 세니겔,의약외품,손소독제,gel,97,56,81,76
2024-12,PHARM02,MK010,블랙 마스크 중형,의약외품,마스크,pack,67,26,203,42
2024-12,PHARM02,HT009,키즈부루펜시럽,일반의약품,해열진통제,bottle,84,28,47,45
2024-12,PHARM02,NP003,퀘티아핀정,전문의약품,정신신경용제,box,153,78,118,112
2024-12,PHARM01,DS009,스톱디정,일반의약품,지사제,box,204,79,289,106
2024-12,PHARM01,DG010,트리몰정,일반의약품,소화제,box,88,36,321,57
2024-12,PHARM01,DM010,다파-메트정,전문의약품,당뇨병_치료제,box,47,16,83,21
2024-12,PHARM01,DM008,글리메-메트정,전문의약품,당뇨병_치료제,box,117,71,168,100
2024-12,PHARM01,MK010,블랙 마스크 중형,의약외품,마스크,pack,62,26,192,41
2024-12,PHARM01,AN002,펜잘큐정,일반의약품,해열진통제,box,117,66,315,114
2024-12,PHARM02,SA006,소독거즈백,의약외품,방역용품,pack,134,54,289,73
2024-12,PHARM01,AB008,클래리스로마이신정,전문의약품,항생제,box,128,50,193,85
2024-12,PHARM01,AN006,챔프시럽,일반의약품,해열진통제,bottle,116,57,110,84
2024-12,PHARM01,DM007,아카보스정,전문의약품,당뇨병_치료제,box,23,10,37,12
2024-12,PHARM02,AN004,게보린정,일반의약품,해열진통제,box,40,15,256,21
2024-12,PHARM02,SA001,락스플러스 스프레이,의약외품,방역용품,bottle,129,54,203,93
2024-12,PHARM01,PA004,제일파스,일반의약품,진통소염제,patch,66,31,300,51
2024-12,PHARM02,TH010,스마트체온계,의약외품,체온계,unit,141,63,164,103
2024-12,PHARM01,SA004,멸균장갑,의약외품,방역용품,box,98,49,158,71
2024-12,PHARM02,AB004,레보플록사신정,전문의약품,항생제,box,74,29,203,42
2024-12,PHARM01,MM005,롱액션멀미정,일반의약품,멀미약,box,142,65,178,102
2024-12,PHARM01,OP006,리스페리돈정,전문의약품,기타_전문의약품,box,137,56,260,78
2024-12,PHARM01,EX010,아크네 스팟겔,일반의약품,외용제,tube,167,85,94,140
2025-01,PHARM02,OC001,가그린 오리지널,의약외품,구강청결제,bottle,87,39,235,47
2025-01,PHARM01,DS006,디아리톨정,일반의약품,지사제,box,86,46,304,66
2025-01,PHARM01,AB008,클래리스로마이신정,전문의약품,항생제,box,131,57,138,76
2025-01,PHARM01,TH001,전자체온계,의약외품,체온계,unit,138,56,87,92
2025-01,PHARM01,DG010,트리몰정,일반의약품,소화제,box,126,44,216,61
2025-01,PHARM02,DG005,겔포스엠액,일반의약품,소화제,bottle,35,23,141,36
2025-01,PHARM01,HB009,하이드랄라진정,전문의약품,고혈압_치료제,box,16,8,61,10
2025-01,PHARM02,MK010,블랙 마스크 중형,의약외품,마스크,pack,88,31,210,38
2025-01,PHARM02,TH002,이어체온계,의약외품,체온계,unit,49,19,294,32
2025-01,PHARM01,AN010,케토날캡슐,일반의약품,해열진통제,box,116,71,104,99
2025-01,PHARM01,DG002,베아제정,일반의약품,소화제,box,33,15,42,22
2025-01,PHARM02,AC005,게피티닙정,전문의약품,항암제,box,56,34,128,54
2025-01,PHARM02,OP003,졸피뎀정,전문의약품,기타_전문의약품,box,92,35,217,47
2025-01,PHARM01,HB006,엑스포지정,전문의약품,고혈압_치료제,box,23,14,37,18
2025-01,PHARM02,HT002,펜잘큐정,일반의약품,해열진통제,box,234,87,156,145
2025-01,PHARM01,AN002,펜잘큐정,일반의약품,해열진통제,box,186,62,247,93
2025-01,PHARM02,HT009,키즈부루펜시럽,일반의약품,해열진통제,bottle,58,29,110,38
2025-01,PHARM01,OC006,후라보노 구강청결제,의약외품,구강청결제,bottle,89,43,182,55
2025-01,PHARM01,NP003,퀘티아핀정,전문의약품,정신신경용제,box,18,10,193,15
2025-01,PHARM01,OP006,리스페리돈정,전문의약품,기타_전문의약품,box,107,52,224,77
2025-01,PHARM01,DM010,다파-메트정,전문의약품,당뇨병_치료제,box,47,16,286,26
2025-01,PHARM01,MM005,롱액션멀미정,일반의약품,멀미약,box,143,53,348,65
2025-01,PHARM02,AN004,게보린정,일반의약품,해열진통제,box,41,21,54,25
2025-01,PHARM01,DM008,글리메-메트정,전문의약품,당뇨병_치료제,box,201,83,347,141
2025-01,PHARM01,SA007,방진마스크,의약외품,방역용품,pack,93,50,46,60
2025-01,PHARM02,EX007,클로트리마졸크림,일반의약품,외용제,tube,63,29,362,41
2025-01,PHARM02,BD001,박카스밴드,의약외품,밴드_반창고,box,102,40,30,49
2025-01,PHARM01,PA004,제일파스,일반의약품,진통소염제,patch,69,30,116,46
2025-01,PHARM02,MK002,KF80 마스크 소형,의약외품,마스크,pack,95,35,249,44
2025-01,PHARM01,DS005,카올린정,일반의약품,지사제,box,58,34,193,42
2025-01,PHARM01,HS007,센서티브 세니타이저,의약외품,손소독제,gel,84,37,331,63
2025-01,PHARM01,HB007,카프토프릴정,전문의약품,고혈압_치료제,box,109,52,70,70
2025-01,PHARM02,AC008,파클리탁셀주,전문의약품,항암제,vial,60,27,112,43
2025-01,PHARM01,SA008,메디가운,의약외품,방역용품,unit,56,28,262,39
2025-01,PHARM02,HS001,유한 손소독제 젤,의약외품,손소독제,gel,100,35,259,46
2025-01,PHARM01,BD010,클린밴드,의약외품,밴드_반창고,box,39,22,158,35
2025-01,PHARM01,DM009,시타-메트정,전문의약품,당뇨병_치료제,box,163,58,358,79
2025-01,PHARM02,AB004,레보플록사신정,전문의약품,항생제,box,71,32,323,55
2025-01,PHARM01,OE001,헬스밴드,의약외품,기타_의약외품,box,171,90,334,152
2025-01,PHARM01,TH007,키즈이어체온계,의약외품,체온계,unit,85,38,36,59
2025-01,PHARM01,NP001,에스시탈로프람정,전문의약품,정신신경용제,box,92,40,30,61
2025-01,PHARM02,OE002,스킨프로텍터,의약외품,기타_의약외품,tube,59,30,284,38
2025-01,PHARM01,OG006,써큐란정,일반의약품,기타_일반의약품,box,58,37,278,52
2025-01,PHARM02,AN002,펜잘큐정,일반의약품,해열진통제,box,27,16,217,27
2025-01,PHARM02,EX001,포비돈요오드액,일반의약품,외용제,bottle,200,99,124,176
2025-01,PHARM01,CG010,코푸시럽,일반의약품,감기약,bottle,153,65,271,102
2025-01,PHARM02,OG003,칼디정,일반의약품,기타_일반의약품,box,244,82,136,99
2025-01,PHARM02,SA006,소독거즈백,의약외품,방역용품,pack,162,65,52,82
2025-01,PHARM01,DG006,디제정,일반의약품,소화제,box,258,102,99,156
2025-01,PHARM01,SA004,멸균장갑,의약외품,방역용품,box,112,55,46,80
2025-01,PHARM01,DG003,가스모틴정,일반의약품,소화제,box,158,53,263,79
2025-01,PHARM01,AN006,챔프시럽,일반의약품,해열진통제,bottle,126,65,311,91
2025-01,PHARM02,HT005,탁센정,일반의약품,해열진통제,box,173,89,278,123
2025-01,PHARM01,DS009,스톱디정,일반의약품,지사제,box,177,64,246,82
2025-01,PHARM02,AB003,에리트로마이신정,전문의약품,항생제,box,149,56,231,98
2025-01,PHARM01,EX010,아크네 스팟겔,일반의약품,외용제,tube,201,71,77,107
2025-01,PHARM02,NP003,퀘티아핀정,전문의약품,정신신경용제,box,191,67,122,86
2025-01,PHARM01,MM003,모션캡슐,일반의약품,멀미약,box,23,12,289,19
2025-01,PHARM02,HT004,게보린정,일반의약품,해열진통제,box,35,14,304,20
2025-01,PHARM02,NP008,클로자핀정,전문의약품,정신신경용제,box,90,32,311,56
2025-01,PHARM02,SA001,락스플러스 스프레이,의약외품,방역용품,bottle,73,49,212,69
2025-01,PHARM02,PA010,스포트겔 스프레이,일반의약품,진통소염제,spray,136,85,315,113
2025-01,PHARM01,DM007,아카보스정,전문의약품,당뇨병_치료제,box,23,8,279,13
2025-01,PHARM01,DG009,엔자임파우더,일반의약품,소화제,sachet,113,62,32,87
2025-01,PHARM01,BD001,박카스밴드,의약외품,밴드_반창고,box,106,60,288,75
2025-01,PHARM02,PA006,브루펜플러스정,일반의약품,진통소염제,box,72,33,137,55
2025-01,PHARM02,AC003,독소루비신주,전문의약품,항암제,vial,133,79,235,124
2025-01,PHARM02,TH010,스마트체온계,의약외품,체온계,unit,116,55,259,87
2025-01,PHARM01,DM001,글리메피리드정,전문의약품,당뇨병_치료제,box,127,48,106,84
2025-01,PHARM02,HB010,투탑스정,전문의약품,고혈압_치료제,box,118,79,158,105
2025-01,PHARM02,OC002,클리오덴트,의약외품,구강청결제,bottle,60,29,356,50
2025-01,PHARM01,TH004,수은온도계,의약외품,체온계,unit,90,32,284,44
2025-01,PHARM01,MK010,블랙 마스크 중형,의약외품,마스크,pack,34,22,96,34
2025-01,PHARM02,CG005,벤포라민시럽,일반의약품,감기약,bottle,222,79,138,110
2025-01,PHARM01,NP004,알프라졸람정,전문의약품,정신신경용제,box,72,39,93,62
2025-01,PHARM01,AB001,아목시실린캡슐,전문의약품,항생제,box,112,71,109,119
2025-01,PHARM02,HS008,라지 핸드스프레이,의약외품,손소독제,spray,172,66,307,103
2025-01,PHARM02,MK003,비말차단 마스크,의약외품,마스크,pack,138,52,198,79
2025-01,PHARM01,HS006,메디컬 세니겔,의약외품,손소독제,gel,175,76,327,117
2025-01,PHARM02,DS003,키즈지사시럽,일반의약품,지사제,bottle,125,51,34,74
2025-02,PHARM02,HT004,게보린정,일반의약품,해열진통제,box,39,14,314,23
2025-02,PHARM02,CG005,벤포라민시럽,일반의약품,감기약,bottle,250,99,220,133
2025-02,PHARM01,EX010,아크네 스팟겔,일반의약품,외용제,tube,133,63,354,81
2025-02,PHARM01,DG009,엔자임파우더,일반의약품,소화제,sachet,138,64,92,79
2025-02,PHARM01,HB006,엑스포지정,전문의약품,고혈압_치료제,box,73,27,98,37
2025-02,PHARM01,OC006,후라보노 구강청결제,의약외품,구강청결제,bottle,127,44,309,58
2025-02,PHARM01,TH001,전자체온계,의약외품,체온계,unit,125,58,324,83
2025-02,PHARM01,DG010,트리몰정,일반의약품,소화제,box,66,42,319,73
2025-02,PHARM02,OC002,클리오덴트,의약외품,구강청결제,bottle,62,27,265,41
2025-02,PHARM02,EX001,포비돈요오드액,일반의약품,외용제,bottle,166,98,36,127
2025-02,PHARM01,MM005,롱액션멀미정,일반의약품,멀미약,box,146,68,103,99
2025-02,PHARM01,MK010,블랙 마스크 중형,의약외품,마스크,pack,46,25,248,44
2025-02,PHARM02,HS001,유한 손소독제 젤,의약외품,손소독제,gel,55,37,78,46
2025-02,PHARM01,CG010,코푸시럽,일반의약품,감기약,bottle,100,41,259,52
2025-02,PHARM01,DM008,글리메-메트정,전문의약품,당뇨병_치료제,box,153,86,272,143
2025-02,PHARM01,HB007,카프토프릴정,전문의약품,고혈압_치료제,box,95,42,359,56
2025-02,PHARM01,DM001,글리메피리드정,전문의약품,당뇨병_치료제,box,196,76,235,98
2025-02,PHARM01,BD010,클린밴드,의약외품,밴드_반창고,box,41,27,75,36
2025-02,PHARM01,PA004,제일파스,일반의약품,진통소염제,patch,58,39,180,48
2025-02,PHARM02,TH002,이어체온계,의약외품,체온계,unit,37,24,167,39
2025-02,PHARM01,NP001,에스시탈로프람정,전문의약품,정신신경용제,box,124,43,329,64
2025-02,PHARM02,PA010,스포트겔 스프레이,일반의약품,진통소염제,spray,171,57,362,69
2025-02,PHARM01,BD001,박카스밴드,의약외품,밴드_반창고,box,171,75,309,113
2025-02,PHARM01,AN010,케토날캡슐,일반의약품,해열진통제,box,119,55,186,91
2025-02,PHARM02,AC008,파클리탁셀주,전문의약품,항암제,vial,86,39,279,53
2025-02,PHARM02,HT002,펜잘큐정,일반의약품,해열진통제,box,100,53,60,78
2025-02,PHARM02,TH010,스마트체온계,의약외품,체온계,unit,167,74,207,95
2025-02,PHARM01,AN002,펜잘큐정,일반의약품,해열진통제,box,158,59,31,93
2025-02,PHARM01,AB001,아목시실린캡슐,전문의약품,항생제,box,151,69,185,120
2025-02,PHARM02,AC003,독소루비신주,전문의약품,항암제,vial,139,92,292,135
2025-02,PHARM02,DS003,키즈지사시럽,일반의약품,지사제,bottle,153,52,285,68
2025-02,PHARM01,NP004,알프라졸람정,전문의약품,정신신경용제,box,37,23,197,31
2025-02,PHARM02,MK003,비말차단 마스크,의약외품,마스크,pack,93,43,34,64
2025-02,PHARM02,PA006,브루펜플러스정,일반의약품,진통소염제,box,76,51,93,61
2025-02,PHARM01,DG006,디제정,일반의약품,소화제,box,164,67,318,101
2025-02,PHARM01,OE001,헬스밴드,의약외품,기타_의약외품,box,190,92,288,118
2025-02,PHARM01,TH007,키즈이어체온계,의약외품,체온계,unit,82,44,363,68
2025-02,PHARM02,NP003,퀘티아핀정,전문의약품,정신신경용제,box,121,67,288,112
2025-02,PHARM01,OG006,써큐란정,일반의약품,기타_일반의약품,box,67,32,46,38
2025-02,PHARM02,AN002,펜잘큐정,일반의약품,해열진통제,box,16,9,145,12
2025-02,PHARM02,SA006,소독거즈백,의약외품,방역용품,pack,113,58,239,100
2025-02,PHARM02,HS008,라지 핸드스프레이,의약외품,손소독제,spray,125,68,216,107
2025-02,PHARM02,OG003,칼디정,일반의약품,기타_일반의약품,box,127,85,41,134
2025-02,PHARM01,SA004,멸균장갑,의약외품,방역용품,box,161,60,154,95
2025-02,PHARM02,SA001,락스플러스 스프레이,의약외품,방역용품,bottle,125,63,76,80
2025-02,PHARM01,DS009,스톱디정,일반의약품,지사제,box,136,59,181,93
2025-02,PHARM01,DG003,가스모틴정,일반의약품,소화제,box,124,48,124,61
2025-02,PHARM02,AB003,에리트로마이신정,전문의약품,항생제,box,108,61,191,81
2025-02,PHARM01,MM003,모션캡슐,일반의약품,멀미약,box,24,9,269,13
2025-02,PHARM01,AN006,챔프시럽,일반의약품,해열진통제,bottle,77,43,147,52
2025-02,PHARM02,NP008,클로자핀정,전문의약품,정신신경용제,box,82,30,301,46
2025-02,PHARM02,HB010,투탑스정,전문의약품,고혈압_치료제,box,128,63,172,105
2025-02,PHARM01,DM007,아카보스정,전문의약품,당뇨병_치료제,box,33,13,154,21
2025-02,PHARM01,HS006,메디컬 세니겔,의약외품,손소독제,gel,125,55,58,67
2025-02,PHARM01,HS007,센서티브 세니타이저,의약외품,손소독제,gel,87,43,43,71
2025-02,PHARM02,HT009,키즈부루펜시럽,일반의약품,해열진통제,bottle,81,28,112,37
2025-02,PHARM01,NP003,퀘티아핀정,전문의약품,정신신경용제,box,32,11,84,18
2025-02,PHARM01,OP006,리스페리돈정,전문의약품,기타_전문의약품,box,192,83,173,124
2025-02,PHARM02,OP003,졸피뎀정,전문의약품,기타_전문의약품,box,80,38,216,66
2025-02,PHARM02,AN004,게보린정,일반의약품,해열진통제,box,56,19,87,31
2025-02,PHARM02,EX007,클로트리마졸크림,일반의약품,외용제,tube,50,25,146,33
2025-02,PHARM02,AC005,게피티닙정,전문의약품,항암제,box,104,54,340,87
2025-02,PHARM01,SA007,방진마스크,의약외품,방역용품,pack,118,42,96,70
2025-02,PHARM02,BD001,박카스밴드,의약외품,밴드_반창고,box,83,39,144,66
2025-02,PHARM01,DM010,다파-메트정,전문의약품,당뇨병_치료제,box,31,16,145,28
2025-02,PHARM01,DG002,베아제정,일반의약품,소화제,box,61,23,240,28
2025-02,PHARM01,TH004,수은온도계,의약외품,체온계,unit,125,50,149,83
2025-02,PHARM02,MK002,KF80 마스크 소형,의약외품,마스크,pack,79,27,135,42
2025-02,PHARM01,SA008,메디가운,의약외품,방역용품,unit,54,22,143,35
2025-02,PHARM02,HT005,탁센정,일반의약품,해열진통제,box,207,72,176,96
2025-02,PHARM02,OE002,스킨프로텍터,의약외품,기타_의약외품,tube,48,28,133,48
2025-02,PHARM01,DM009,시타-메트정,전문의약품,당뇨병_치료제,box,125,45,285,66
2025-02,PHARM02,OC001,가그린 오리지널,의약외품,구강청결제,bottle,73,44,71,65
2025-02,PHARM02,DG005,겔포스엠액,일반의약품,소화제,bottle,52,25,103,44
2025-02,PHARM02,AB004,레보플록사신정,전문의약품,항생제,box,69,23,144,33
2025-02,PHARM01,DS005,카올린정,일반의약품,지사제,box,89,30,256,53
2025-02,PHARM01,DS006,디아리톨정,일반의약품,지사제,box,76,41,162,54
2025-02,PHARM02,MK010,블랙 마스크 중형,의약외품,마스크,pack,84,41,147,54
2025-02,PHARM01,HB009,하이드랄라진정,전문의약품,고혈압_치료제,box,24,11,199,16
2025-02,PHARM01,AB008,클래리스로마이신정,전문의약품,항생제,box,120,52,52,65
2025-03,PHARM01,AN006,챔프시럽,일반의약품,해열진통제,bottle,98,42,199,56
2025-03,PHARM02,NP003,퀘티아핀정,전문의약품,정신신경용제,box,124,54,314,76
2025-03,PHARM02,HT005,탁센정,일반의약품,해열진통제,box,124,48,69,67
2025-03,PHARM02,HS008,라지 핸드스프레이,의약외품,손소독제,spray,94,54,184,70
2025-03,PHARM01,DS005,카올린정,일반의약품,지사제,box,61,37,168,50
2025-03,PHARM02,OP003,졸피뎀정,전문의약품,기타_전문의약품,box,97,39,347,70
2025-03,PHARM02,OE002,스킨프로텍터,의약외품,기타_의약외품,tube,81,33,254,55
2025-03,PHARM02,AB003,에리트로마이신정,전문의약품,항생제,box,108,59,30,102
2025-03,PHARM02,TH002,이어체온계,의약외품,체온계,unit,58,25,121,30
2025-03,PHARM02,DS003,키즈지사시럽,일반의약품,지사제,bottle,116,50,99,87
2025-03,PHARM02,HT004,게보린정,일반의약품,해열진통제,box,21,12,346,19
2025-03,PHARM02,OC002,클리오덴트,의약외품,구강청결제,bottle,94,33,169,58
2025-03,PHARM02,OC001,가그린 오리지널,의약외품,구강청결제,bottle,102,53,211,71
2025-03,PHARM01,PA004,제일파스,일반의약품,진통소염제,patch,51,27,165,37
2025-03,PHARM01,MM005,롱액션멀미정,일반의약품,멀미약,box,117,46,225,62
2025-03,PHARM01,OC006,후라보노 구강청결제,의약외품,구강청결제,bottle,76,34,289,48
2025-03,PHARM02,HT009,키즈부루펜시럽,일반의약품,해열진통제,bottle,38,22,265,33
2025-03,PHARM01,BD001,박카스밴드,의약외품,밴드_반창고,box,133,80,208,107
2025-03,PHARM01,DG009,엔자임파우더,일반의약품,소화제,sachet,91,49,63,74
2025-03,PHARM02,EX007,클로트리마졸크림,일반의약품,외용제,tube,81,29,147,37
2025-03,PHARM02,AN004,게보린정,일반의약품,해열진통제,box,26,12,312,14
2025-03,PHARM01,TH001,전자체온계,의약외품,체온계,unit,65,36,134,44
2025-03,PHARM01,SA008,메디가운,의약외품,방역용품,unit,72,26,93,31
2025-03,PHARM02,MK002,KF80 마스크 소형,의약외품,마스크,pack,67,24,344,38
2025-03,PHARM01,DM008,글리메-메트정,전문의약품,당뇨병_치료제,box,104,53,360,84
2025-03,PHARM02,MK010,블랙 마스크 중형,의약외품,마스크,pack,105,42,218,52
2025-03,PHARM01,NP003,퀘티아핀정,전문의약품,정신신경용제,box,33,16,161,24
2025-03,PHARM02,TH010,스마트체온계,의약외품,체온계,unit,82,53,293,81
2025-03,PHARM01,DM010,다파-메트정,전문의약품,당뇨병_치료제,box,36,17,64,23
2025-03,PHARM01,AN010,케토날캡슐,일반의약품,해열진통제,box,89,50,121,65
2025-03,PHARM01,DG010,트리몰정,일반의약품,소화제,box,111,42,167,59
2025-03,PHARM01,SA004,멸균장갑,의약외품,방역용품,box,194,66,116,91
2025-03,PHARM01,AB008,클래리스로마이신정,전문의약품,항생제,box,98,48,292,86
2025-03,PHARM01,DM009,시타-메트정,전문의약품,당뇨병_치료제,box,151,59,323,95
2025-03,PHARM01,SA007,방진마스크,의약외품,방역용품,pack,65,37,218,58
2025-03,PHARM01,AN002,펜잘큐정,일반의약품,해열진통제,box,73,42,37,70
2025-03,PHARM01,DG003,가스모틴정,일반의약품,소화제,box,100,56,252,90
2025-03,PHARM02,CG005,벤포라민시럽,일반의약품,감기약,bottle,126,47,262,71
2025-03,PHARM01,MK010,블랙 마스크 중형,의약외품,마스크,pack,43,20,342,28
2025-03,PHARM01,HS006,메디컬 세니겔,의약외품,손소독제,gel,113,64,195,112
2025-03,PHARM01,DS006,디아리톨정,일반의약품,지사제,box,99,49,323,63
2025-03,PHARM01,HS007,센서티브 세니타이저,의약외품,손소독제,gel,64,33,207,49
2025-03,PHARM02,EX001,포비돈요오드액,일반의약품,외용제,bottle,131,71,198,127
2025-03,PHARM01,BD010,클린밴드,의약외품,밴드_반창고,box,41,26,232,34
2025-03,PHARM01,DM001,글리메피리드정,전문의약품,당뇨병_치료제,box,116,48,57,83
2025-03,PHARM01,HB007,카프토프릴정,전문의약품,고혈압_치료제,box,106,61,83,95
2025-03,PHARM02,AC008,파클리탁셀주,전문의약품,항암제,vial,98,37,207,49
2025-03,PHARM01,NP001,에스시탈로프람정,전문의약품,정신신경용제,box,109,43,233,70
2025-03,PHARM01,EX010,아크네 스팟겔,일반의약품,외용제,tube,184,84,178,109
2025-03,PHARM02,AC003,독소루비신주,전문의약품,항암제,vial,200,67,105,88
2025-03,PHARM01,NP004,알프라졸람정,전문의약품,정신신경용제,box,61,27,219,38
2025-03,PHARM02,PA006,브루펜플러스정,일반의약품,진통소염제,box,129,51,365,86
2025-03,PHARM02,DG005,겔포스엠액,일반의약품,소화제,bottle,62,24,350,31
2025-03,PHARM02,BD001,박카스밴드,의약외품,밴드_반창고,box,64,26,251,33
2025-03,PHARM02,HB010,투탑스정,전문의약품,고혈압_치료제,box,176,69,79,92
2025-03,PHARM01,TH004,수은온도계,의약외품,체온계,unit,119,44,291,78
2025-03,PHARM01,DG006,디제정,일반의약품,소화제,box,151,77,178,118
2025-03,PHARM01,OP006,리스페리돈정,전문의약품,기타_전문의약품,box,131,67,166,116
2025-03,PHARM01,AB001,아목시실린캡슐,전문의약품,항생제,box,127,45,244,59
2025-03,PHARM02,MK003,비말차단 마스크,의약외품,마스크,pack,132,57,322,102
2025-03,PHARM01,MM003,모션캡슐,일반의약품,멀미약,box,15,7,271,11
2025-03,PHARM02,AC005,게피티닙정,전문의약품,항암제,box,100,39,303,64
2025-03,PHARM02,OG003,칼디정,일반의약품,기타_일반의약품,box,253,85,208,138
2025-03,PHARM01,HB009,하이드랄라진정,전문의약품,고혈압_치료제,box,31,11,225,14
2025-03,PHARM02,NP008,클로자핀정,전문의약품,정신신경용제,box,62,25,119,31
2025-03,PHARM02,AB004,레보플록사신정,전문의약품,항생제,box,68,27,210,38
2025-03,PHARM01,TH007,키즈이어체온계,의약외품,체온계,unit,110,47,190,78
2025-03,PHARM01,HB006,엑스포지정,전문의약품,고혈압_치료제,box,52,20,142,27
2025-03,PHARM02,PA010,스포트겔 스프레이,일반의약품,진통소염제,spray,125,76,278,136
2025-03,PHARM01,OG006,써큐란정,일반의약품,기타_일반의약품,box,44,24,335,36
2025-03,PHARM01,CG010,코푸시럽,일반의약품,감기약,bottle,65,36,314,44
2025-03,PHARM01,DG002,베아제정,일반의약품,소화제,box,50,20,72,34
2025-03,PHARM02,AN002,펜잘큐정,일반의약품,해열진통제,box,23,8,75,10
2025-03,PHARM02,SA001,락스플러스 스프레이,의약외품,방역용품,bottle,72,47,107,77
2025-03,PHARM02,HS001,유한 손소독제 젤,의약외품,손소독제,gel,116,44,365,64
2025-03,PHARM01,OE001,헬스밴드,의약외품,기타_의약외품,box,140,52,270,79
2025-03,PHARM02,HT002,펜잘큐정,일반의약품,해열진통제,box,125,50,142,88
2025-03,PHARM02,SA006,소독거즈백,의약외품,방역용품,pack,166,61,323,102
2025-03,PHARM01,DM007,아카보스정,전문의약품,당뇨병_치료제,box,14,9,219,14
2025-03,PHARM01,DS009,스톱디정,일반의약품,지사제,box,109,69,207,120
2025-04,PHARM01,DS006,디아리톨정,일반의약품,지사제,box,106,39,188,58
2025-04,PHARM01,HS007,센서티브 세니타이저,의약외품,손소독제,gel,81,35,61,50
2025-04,PHARM01,TH007,키즈이어체온계,의약외품,체온계,unit,107,39,196,69
2025-04,PHARM01,HB007,카프토프릴정,전문의약품,고혈압_치료제,box,149,68,44,104
2025-04,PHARM01,BD010,클린밴드,의약외품,밴드_반창고,box,75,30,194,50
2025-04,PHARM01,DG003,가스모틴정,일반의약품,소화제,box,127,73,220,112
2025-04,PHARM02,NP003,퀘티아핀정,전문의약품,정신신경용제,box,143,68,131,93
2025-04,PHARM01,MM003,모션캡슐,일반의약품,멀미약,box,22,12,149,18
2025-04,PHARM01,SA007,방진마스크,의약외품,방역용품,pack,131,55,202,74
2025-04,PHARM01,SA004,멸균장갑,의약외품,방역용품,box,148,60,38,76
2025-04,PHARM01,DG002,베아제정,일반의약품,소화제,box,36,17,246,24
2025-04,PHARM01,OP006,리스페리돈정,전문의약품,기타_전문의약품,box,117,53,211,69
2025-04,PHARM01,NP003,퀘티아핀정,전문의약품,정신신경용제,box,42,15,125,21
2025-04,PHARM01,DM007,아카보스정,전문의약품,당뇨병_치료제,box,30,10,63,16
2025-04,PHARM02,DS003,키즈지사시럽,일반의약품,지사제,bottle,123,82,42,118
2025-04,PHARM01,DM008,글리메-메트정,전문의약품,당뇨병_치료제,box,149,94,308,156
2025-04,PHARM02,HT004,게보린정,일반의약품,해열진통제,box,27,10,251,17
2025-04,PHARM01,TH001,전자체온계,의약외품,체온계,unit,114,43,106,51
2025-04,PHARM02,AB004,레보플록사신정,전문의약품,항생제,box,50,29,161,49
2025-04,PHARM01,DG009,엔자임파우더,일반의약품,소화제,sachet,90,52,264,71
2025-04,PHARM01,PA004,제일파스,일반의약품,진통소염제,patch,65,24,319,41
2025-04,PHARM01,AB001,아목시실린캡슐,전문의약품,항생제,box,186,64,66,77
2025-04,PHARM01,DM010,다파-메트정,전문의약품,당뇨병_치료제,box,27,14,363,17
2025-04,PHARM02,AC008,파클리탁셀주,전문의약품,항암제,vial,89,39,338,55
2025-04,PHARM01,DG006,디제정,일반의약품,소화제,box,244,102,77,169
2025-04,PHARM01,OE001,헬스밴드,의약외품,기타_의약외품,box,195,85,314,123
2025-04,PHARM02,HT005,탁센정,일반의약품,해열진통제,box,157,70,108,86
2025-04,PHARM01,BD001,박카스밴드,의약외품,밴드_반창고,box,149,82,310,108
2025-04,PHARM01,DM009,시타-메트정,전문의약품,당뇨병_치료제,box,89,46,67,67
2025-04,PHARM02,TH010,스마트체온계,의약외품,체온계,unit,127,52,287,81
2025-04,PHARM01,HS006,메디컬 세니겔,의약외품,손소독제,gel,155,56,133,90
2025-04,PHARM02,AC003,독소루비신주,전문의약품,항암제,vial,117,54,103,65
2025-04,PHARM02,PA006,브루펜플러스정,일반의약품,진통소염제,box,127,51,328,90
2025-04,PHARM02,SA006,소독거즈백,의약외품,방역용품,pack,188,67,324,94
2025-04,PHARM02,AN002,펜잘큐정,일반의약품,해열진통제,box,22,12,277,17
2025-04,PHARM01,DS009,스톱디정,일반의약품,지사제,box,212,76,118,135
2025-04,PHARM02,SA001,락스플러스 스프레이,의약외품,방역용품,bottle,151,57,306,76
2025-04,PHARM02,NP008,클로자핀정,전문의약품,정신신경용제,box,71,38,268,45
2025-04,PHARM02,HS008,라지 핸드스프레이,의약외품,손소독제,spray,84,49,319,62
2025-04,PHARM02,MK010,블랙 마스크 중형,의약외품,마스크,pack,69,31,105,43
2025-04,PHARM02,OG003,칼디정,일반의약품,기타_일반의약품,box,96,57,93,97
2025-04,PHARM01,TH004,수은온도계,의약외품,체온계,unit,52,32,163,49
2025-04,PHARM02,HB010,투탑스정,전문의약품,고혈압_치료제,box,185,64,116,95
2025-04,PHARM02,DG005,겔포스엠액,일반의약품,소화제,bottle,49,24,359,41
2025-04,PHARM01,CG010,코푸시럽,일반의약품,감기약,bottle,89,51,266,76
2025-04,PHARM02,BD001,박카스밴드,의약외품,밴드_반창고,box,56,35,198,57
2025-04,PHARM02,AC005,게피티닙정,전문의약품,항암제,box,67,34,55,53
2025-04,PHARM01,HB006,엑스포지정,전문의약품,고혈압_치료제,box,72,25,238,40
2025-04,PHARM01,AN006,챔프시럽,일반의약품,해열진통제,bottle,120,51,44,88
2025-04,PHARM02,HT002,펜잘큐정,일반의약품,해열진통제,box,103,55,333,76
2025-04,PHARM02,HS001,유한 손소독제 젤,의약외품,손소독제,gel,109,48,151,62
2025-04,PHARM02,MK003,비말차단 마스크,의약외품,마스크,pack,135,76,87,123
2025-04,PHARM02,OC001,가그린 오리지널,의약외품,구강청결제,bottle,102,49,46,74
2025-04,PHARM02,OE002,스킨프로텍터,의약외품,기타_의약외품,tube,45,25,297,40
2025-04,PHARM02,MK002,KF80 마스크 소형,의약외품,마스크,pack,36,23,348,34
2025-04,PHARM01,AB008,클래리스로마이신정,전문의약품,항생제,box,130,45,217,78
2025-04,PHARM01,AN002,펜잘큐정,일반의약품,해열진통제,box,121,61,147,81
2025-04,PHARM02,CG005,벤포라민시럽,일반의약품,감기약,bottle,130,59,277,77
2025-04,PHARM01,MK010,블랙 마스크 중형,의약외품,마스크,pack,36,16,277,27
2025-04,PHARM01,EX010,아크네 스팟겔,일반의약품,외용제,tube,178,88,142,111
2025-04,PHARM01,DS005,카올린정,일반의약품,지사제,box,72,39,201,58
2025-04,PHARM02,PA010,스포트겔 스프레이,일반의약품,진통소염제,spray,168,66,228,101
2025-04,PHARM02,OP003,졸피뎀정,전문의약품,기타_전문의약품,box,77,34,248,58
2025-04,PHARM01,DM001,글리메피리드정,전문의약품,당뇨병_치료제,box,231,80,109,118
2025-04,PHARM02,AB003,에리트로마이신정,전문의약품,항생제,box,163,73,258,130
2025-04,PHARM01,OG006,써큐란정,일반의약품,기타_일반의약품,box,104,35,156,47
2025-04,PHARM02,TH002,이어체온계,의약외품,체온계,unit,44,19,170,25
2025-04,PHARM01,NP001,에스시탈로프람정,전문의약품,정신신경용제,box,116,49,207,66
2025-04,PHARM01,DG010,트리몰정,일반의약품,소화제,box,77,30,210,47
2025-04,PHARM01,AN010,케토날캡슐,일반의약품,해열진통제,box,73,41,92,57
2025-04,PHARM02,EX001,포비돈요오드액,일반의약품,외용제,bottle,261,88,34,156
2025-04,PHARM02,OC002,클리오덴트,의약외품,구강청결제,bottle,60,36,301,61
2025-04,PHARM01,OC006,후라보노 구강청결제,의약외품,구강청결제,bottle,94,37,175,52
2025-04,PHARM01,MM005,롱액션멀미정,일반의약품,멀미약,box,79,47,183,64
2025-04,PHARM02,HT009,키즈부루펜시럽,일반의약품,해열진통제,bottle,56,23,257,31
2025-04,PHARM02,EX007,클로트리마졸크림,일반의약품,외용제,tube,53,33,73,55
2025-04,PHARM02,AN004,게보린정,일반의약품,해열진통제,box,45,16,121,20
2025-04,PHARM01,SA008,메디가운,의약외품,방역용품,unit,92,36,66,51
2025-04,PHARM01,NP004,알프라졸람정,전문의약품,정신신경용제,box,77,32,328,52
2025-04,PHARM01,HB009,하이드랄라진정,전문의약품,고혈압_치료제,box,15,7,104,12
2025-05,PHARM02,OP003,졸피뎀정,전문의약품,기타_전문의약품,box,89,37,204,57
2025-05,PHARM02,AB004,레보플록사신정,전문의약품,항생제,box,61,35,352,47
2025-05,PHARM02,AC008,파클리탁셀주,전문의약품,항암제,vial,95,32,104,53
2025-05,PHARM02,CG005,벤포라민시럽,일반의약품,감기약,bottle,87,56,106,74
2025-05,PHARM02,AB003,에리트로마이신정,전문의약품,항생제,box,174,88,187,124
2025-05,PHARM02,EX007,클로트리마졸크림,일반의약품,외용제,tube,35,23,315,39
2025-05,PHARM02,SA006,소독거즈백,의약외품,방역용품,pack,119,64,282,112
2025-05,PHARM02,AC005,게피티닙정,전문의약품,항암제,box,77,36,355,44
2025-05,PHARM02,OC002,클리오덴트,의약외품,구강청결제,bottle,65,23,222,40
2025-05,PHARM02,EX001,포비돈요오드액,일반의약품,외용제,bottle,139,56,132,89
2025-05,PHARM01,NP001,에스시탈로프람정,전문의약품,정신신경용제,box,86,44,218,78
2025-05,PHARM01,DG009,엔자임파우더,일반의약품,소화제,sachet,195,70,85,125
2025-05,PHARM01,AB001,아목시실린캡슐,전문의약품,항생제,box,215,76,287,133
2025-05,PHARM02,MK010,블랙 마스크 중형,의약외품,마스크,pack,83,37,349,49
2025-05,PHARM02,TH010,스마트체온계,의약외품,체온계,unit,112,46,128,82
2025-05,PHARM01,OE001,헬스밴드,의약외품,기타_의약외품,box,231,88,158,148
2025-05,PHARM02,AC003,독소루비신주,전문의약품,항암제,vial,85,55,316,87
2025-05,PHARM01,MM003,모션캡슐,일반의약품,멀미약,box,20,10,202,17
2025-05,PHARM02,PA006,브루펜플러스정,일반의약품,진통소염제,box,84,31,182,37
2025-05,PHARM01,TH007,키즈이어체온계,의약외품,체온계,unit,131,48,118,62
2025-05,PHARM01,HB009,하이드랄라진정,전문의약품,고혈압_치료제,box,16,9,283,10
2025-05,PHARM02,AN002,펜잘큐정,일반의약품,해열진통제,box,17,10,57,15
2025-05,PHARM01,SA007,방진마스크,의약외품,방역용품,pack,141,53,328,76
2025-05,PHARM02,SA001,락스플러스 스프레이,의약외품,방역용품,bottle,115,43,298,59
2025-05,PHARM01,BD001,박카스밴드,의약외품,밴드_반창고,box,187,69,165,96
2025-05,PHARM02,NP008,클로자핀정,전문의약품,정신신경용제,box,108,36,223,64
2025-05,PHARM01,CG010,코푸시럽,일반의약품,감기약,bottle,86,32,290,45
2025-05,PHARM02,OG003,칼디정,일반의약품,기타_일반의약품,box,218,76,236,109
2025-05,PHARM01,OG006,써큐란정,일반의약품,기타_일반의약품,box,65,32,221,50
2025-05,PHARM02,OC001,가그린 오리지널,의약외품,구강청결제,bottle,84,37,322,60
2025-05,PHARM01,DM007,아카보스정,전문의약품,당뇨병_치료제,box,37,13,214,17
2025-05,PHARM02,MK002,KF80 마스크 소형,의약외품,마스크,pack,64,32,125,41
2025-05,PHARM01,DG002,베아제정,일반의약품,소화제,box,45,22,344,37
2025-05,PHARM01,NP004,알프라졸람정,전문의약품,정신신경용제,box,49,24,280,30
2025-05,PHARM01,AN002,펜잘큐정,일반의약품,해열진통제,box,170,60,89,79
2025-05,PHARM01,DG003,가스모틴정,일반의약품,소화제,box,134,61,347,78
2025-05,PHARM01,MK010,블랙 마스크 중형,의약외품,마스크,pack,25,15,59,20
2025-05,PHARM01,DS006,디아리톨정,일반의약품,지사제,box,107,61,327,95
2025-05,PHARM01,EX010,아크네 스팟겔,일반의약품,외용제,tube,150,69,142,114
2025-05,PHARM01,BD010,클린밴드,의약외품,밴드_반창고,box,58,28,303,35
2025-05,PHARM01,HB007,카프토프릴정,전문의약품,고혈압_치료제,box,121,42,265,66
2025-05,PHARM02,MK003,비말차단 마스크,의약외품,마스크,pack,136,56,99,90
2025-05,PHARM01,SA004,멸균장갑,의약외품,방역용품,box,146,52,258,71
2025-05,PHARM01,AN010,케토날캡슐,일반의약품,해열진통제,box,124,55,151,69
2025-05,PHARM01,DM010,다파-메트정,전문의약품,당뇨병_치료제,box,42,21,210,32
2025-05,PHARM01,MM005,롱액션멀미정,일반의약품,멀미약,box,77,51,200,67
2025-05,PHARM01,TH001,전자체온계,의약외품,체온계,unit,53,34,346,49
2025-05,PHARM01,DM008,글리메-메트정,전문의약품,당뇨병_치료제,box,171,62,98,88
2025-05,PHARM02,HT009,키즈부루펜시럽,일반의약품,해열진통제,bottle,31,13,212,15
2025-05,PHARM01,OP006,리스페리돈정,전문의약품,기타_전문의약품,box,221,81,211,114
2025-05,PHARM02,AN004,게보린정,일반의약품,해열진통제,box,33,11,336,13
2025-05,PHARM01,DG010,트리몰정,일반의약품,소화제,box,129,44,318,65
2025-05,PHARM01,DG006,디제정,일반의약품,소화제,box,130,59,69,92
2025-05,PHARM01,AB008,클래리스로마이신정,전문의약품,항생제,box,75,41,155,53
2025-05,PHARM01,SA008,메디가운,의약외품,방역용품,unit,97,34,39,42
2025-05,PHARM01,DS009,스톱디정,일반의약품,지사제,box,139,84,191,114
2025-05,PHARM01,HS006,메디컬 세니겔,의약외품,손소독제,gel,70,42,330,70
2025-05,PHARM02,HS008,라지 핸드스프레이,의약외품,손소독제,spray,114,40,310,60
2025-05,PHARM02,HB010,투탑스정,전문의약품,고혈압_치료제,box,182,77,309,94
2025-05,PHARM02,HT005,탁센정,일반의약품,해열진통제,box,111,57,97,79
2025-05,PHARM01,TH004,수은온도계,의약외품,체온계,unit,97,44,61,73
2025-05,PHARM01,OC006,후라보노 구강청결제,의약외품,구강청결제,bottle,110,51,259,63
2025-05,PHARM02,PA010,스포트겔 스프레이,일반의약품,진통소염제,spray,92,52,252,87
2025-05,PHARM02,TH002,이어체온계,의약외품,체온계,unit,73,25,196,35
2025-05,PHARM01,HB006,엑스포지정,전문의약품,고혈압_치료제,box,39,16,347,19
2025-05,PHARM02,HS001,유한 손소독제 젤,의약외품,손소독제,gel,60,36,190,48
2025-05,PHARM02,HT002,펜잘큐정,일반의약품,해열진통제,box,77,40,178,48
2025-05,PHARM02,DS003,키즈지사시럽,일반의약품,지사제,bottle,216,72,90,111
2025-05,PHARM01,DM009,시타-메트정,전문의약품,당뇨병_치료제,box,66,37,313,57
2025-05,PHARM01,DM001,글리메피리드정,전문의약품,당뇨병_치료제,box,131,59,170,103
2025-05,PHARM01,PA004,제일파스,일반의약품,진통소염제,patch,33,22,268,29
2025-05,PHARM02,NP003,퀘티아핀정,전문의약품,정신신경용제,box,179,62,97,80
2025-05,PHARM01,NP003,퀘티아핀정,전문의약품,정신신경용제,box,27,15,301,25
2025-05,PHARM02,DG005,겔포스엠액,일반의약품,소화제,bottle,42,20,284,32
2025-05,PHARM01,DS005,카올린정,일반의약품,지사제,box,85,31,331,49
2025-05,PHARM01,AN006,챔프시럽,일반의약품,해열진통제,bottle,112,44,357,71
2025-05,PHARM02,HT004,게보린정,일반의약품,해열진통제,box,13,7,268,8
2025-05,PHARM02,OE002,스킨프로텍터,의약외품,기타_의약외품,tube,57,23,88,33
2025-05,PHARM02,BD001,박카스밴드,의약외품,밴드_반창고,box,89,36,110,58
2025-05,PHARM01,HS007,센서티브 세니타이저,의약외품,손소독제,gel,69,26,66,34
2025-06,PHARM01,SA004,멸균장갑,의약외품,방역용품,box,173,64,316,104
2025-06,PHARM01,HB007,카프토프릴정,전문의약품,고혈압_치료제,box,129,67,308,92
2025-06,PHARM01,DG003,가스모틴정,일반의약품,소화제,box,216,93,349,126
2025-06,PHARM01,TH001,전자체온계,의약외품,체온계,unit,126,50,91,89
2025-06,PHARM01,TH004,수은온도계,의약외품,체온계,unit,80,49,158,68
2025-06,PHARM01,AN006,챔프시럽,일반의약품,해열진통제,bottle,60,33,199,42
2025-06,PHARM01,DG009,엔자임파우더,일반의약품,소화제,sachet,92,55,166,74
2025-06,PHARM01,DM008,글리메-메트정,전문의약품,당뇨병_치료제,box,232,79,180,102
2025-06,PHARM01,HB006,엑스포지정,전문의약품,고혈압_치료제,box,46,26,224,43
2025-06,PHARM01,DS005,카올린정,일반의약품,지사제,box,101,43,334,56
2025-06,PHARM01,DS006,디아리톨정,일반의약품,지사제,box,146,63,176,110
2025-06,PHARM02,AC008,파클리탁셀주,전문의약품,항암제,vial,71,31,223,43
2025-06,PHARM01,DM010,다파-메트정,전문의약품,당뇨병_치료제,box,57,20,255,30
2025-06,PHARM02,OP003,졸피뎀정,전문의약품,기타_전문의약품,box,57,23,358,31
2025-06,PHARM01,BD010,클린밴드,의약외품,밴드_반창고,box,44,24,247,37
2025-06,PHARM01,DG006,디제정,일반의약품,소화제,box,272,104,112,134
2025-06,PHARM01,OP006,리스페리돈정,전문의약품,기타_전문의약품,box,95,51,178,83
2025-06,PHARM01,NP003,퀘티아핀정,전문의약품,정신신경용제,box,25,14,170,23
2025-06,PHARM01,OG006,써큐란정,일반의약품,기타_일반의약품,box,69,38,36,48
2025-06,PHARM02,OC002,클리오덴트,의약외품,구강청결제,bottle,41,27,113,45
2025-06,PHARM01,PA004,제일파스,일반의약품,진통소염제,patch,46,23,324,39
2025-06,PHARM01,CG010,코푸시럽,일반의약품,감기약,bottle,75,36,315,55
2025-06,PHARM01,HS007,센서티브 세니타이저,의약외품,손소독제,gel,89,33,68,50
2025-06,PHARM01,NP004,알프라졸람정,전문의약품,정신신경용제,box,77,30,52,49
2025-06,PHARM01,DM009,시타-메트정,전문의약품,당뇨병_치료제,box,82,40,167,48
2025-06,PHARM01,SA007,방진마스크,의약외품,방역용품,pack,112,38,131,61
2025-06,PHARM01,HB009,하이드랄라진정,전문의약품,고혈압_치료제,box,26,9,331,11
2025-06,PHARM01,DS009,스톱디정,일반의약품,지사제,box,109,65,84,87
2025-06,PHARM01,DM001,글리메피리드정,전문의약품,당뇨병_치료제,box,193,75,40,133
2025-06,PHARM01,MM003,모션캡슐,일반의약품,멀미약,box,21,8,94,13
2025-06,PHARM01,OC006,후라보노 구강청결제,의약외품,구강청결제,bottle,149,53,292,77
2025-06,PHARM02,EX001,포비돈요오드액,일반의약품,외용제,bottle,212,81,41,131
2025-06,PHARM01,OE001,헬스밴드,의약외품,기타_의약외품,box,116,69,282,83
2025-06,PHARM02,AB004,레보플록사신정,전문의약품,항생제,box,101,35,312,46
2025-06,PHARM01,AB001,아목시실린캡슐,전문의약품,항생제,box,131,53,206,78
2025-06,PHARM01,SA008,메디가운,의약외품,방역용품,unit,77,30,30,37
2025-06,PHARM01,DM007,아카보스정,전문의약품,당뇨병_치료제,box,22,13,123,20
2025-06,PHARM01,HS006,메디컬 세니겔,의약외품,손소독제,gel,132,44,135,73
2025-06,PHARM01,DG002,베아제정,일반의약품,소화제,box,65,25,45,34
2025-06,PHARM01,TH007,키즈이어체온계,의약외품,체온계,unit,90,48,125,80
2025-06,PHARM01,BD001,박카스밴드,의약외품,밴드_반창고,box,129,64,130,113
2025-06,PHARM02,NP003,퀘티아핀정,전문의약품,정신신경용제,box,147,57,220,82
2025-06,PHARM02,PA010,스포트겔 스프레이,일반의약품,진통소염제,spray,79,52,209,65
2025-06,PHARM02,HT005,탁센정,일반의약품,해열진통제,box,127,57,115,88
2025-06,PHARM02,EX007,클로트리마졸크림,일반의약품,외용제,tube,37,24,243,33
2025-06,PHARM02,HT009,키즈부루펜시럽,일반의약품,해열진통제,bottle,54,21,286,29
2025-06,PHARM02,AN004,게보린정,일반의약품,해열진통제,box,51,19,112,31
2025-06,PHARM02,HS001,유한 손소독제 젤,의약외품,손소독제,gel,87,50,322,72
2025-06,PHARM02,MK002,KF80 마스크 소형,의약외품,마스크,pack,86,31,48,51
2025-06,PHARM02,OC001,가그린 오리지널,의약외품,구강청결제,bottle,102,58,351,75
2025-06,PHARM02,HT002,펜잘큐정,일반의약품,해열진통제,box,94,53,47,67
2025-06,PHARM02,MK010,블랙 마스크 중형,의약외품,마스크,pack,96,34,336,57
2025-06,PHARM02,BD001,박카스밴드,의약외품,밴드_반창고,box,58,27,211,46
2025-06,PHARM01,MM005,롱액션멀미정,일반의약품,멀미약,box,116,44,279,58
2025-06,PHARM02,TH010,스마트체온계,의약외품,체온계,unit,143,55,48,72
2025-06,PHARM02,AC005,게피티닙정,전문의약품,항암제,box,115,46,202,62
2025-06,PHARM01,AB008,클래리스로마이신정,전문의약품,항생제,box,183,71,106,94
2025-06,PHARM02,DG005,겔포스엠액,일반의약품,소화제,bottle,67,38,73,67
2025-06,PHARM02,SA006,소독거즈백,의약외품,방역용품,pack,177,63,345,111
2025-06,PHARM02,PA006,브루펜플러스정,일반의약품,진통소염제,box,61,31,97,49
2025-06,PHARM02,AN002,펜잘큐정,일반의약품,해열진통제,box,18,11,277,18
2025-06,PHARM02,HB010,투탑스정,전문의약품,고혈압_치료제,box,171,59,242,82
2025-06,PHARM02,SA001,락스플러스 스프레이,의약외품,방역용품,bottle,135,51,219,81
2025-06,PHARM02,MK003,비말차단 마스크,의약외품,마스크,pack,118,57,34,96
2025-06,PHARM02,NP008,클로자핀정,전문의약품,정신신경용제,box,104,39,217,65
2025-06,PHARM02,AC003,독소루비신주,전문의약품,항암제,vial,118,58,365,102
2025-06,PHARM02,HS008,라지 핸드스프레이,의약외품,손소독제,spray,97,50,130,77
2025-06,PHARM02,OG003,칼디정,일반의약품,기타_일반의약품,box,98,55,71,93
2025-06,PHARM02,TH002,이어체온계,의약외품,체온계,unit,46,18,190,23
2025-06,PHARM02,DS003,키즈지사시럽,일반의약품,지사제,bottle,112,58,141,94
2025-06,PHARM02,AB003,에리트로마이신정,전문의약품,항생제,box,224,95,248,139
2025-06,PHARM01,MK010,블랙 마스크 중형,의약외품,마스크,pack,31,20,124,24
2025-06,PHARM01,NP001,에스시탈로프람정,전문의약품,정신신경용제,box,146,52,32,69
2025-06,PHARM01,EX010,아크네 스팟겔,일반의약품,외용제,tube,154,74,140,90
2025-06,PHARM01,DG010,트리몰정,일반의약품,소화제,box,110,44,207,57
2025-06,PHARM02,HT004,게보린정,일반의약품,해열진통제,box,29,10,294,17
2025-06,PHARM01,AN002,펜잘큐정,일반의약품,해열진통제,box,115,41,192,64
2025-06,PHARM02,OE002,스킨프로텍터,의약외품,기타_의약외품,tube,58,35,82,47
2025-06,PHARM02,CG005,벤포라민시럽,일반의약품,감기약,bottle,128,79,172,138
2025-06,PHARM01,AN010,케토날캡슐,일반의약품,해열진통제,box,125,56,220,70
2025-07,PHARM02,HT004,게보린정,일반의약품,해열진통제,box,30,10,96,16
2025-07,PHARM02,MK003,비말차단 마스크,의약외품,마스크,pack,143,75,194,126
2025-07,PHARM02,HB010,투탑스정,전문의약품,고혈압_치료제,box,169,76,307,124
2025-07,PHARM01,PA004,제일파스,일반의약품,진통소염제,patch,47,21,89,35
2025-07,PHARM02,DS003,키즈지사시럽,일반의약품,지사제,bottle,134,73,143,118
2025-07,PHARM01,DS005,카올린정,일반의약품,지사제,box,73,42,215,74
2025-07,PHARM02,OP003,졸피뎀정,전문의약품,기타_전문의약품,box,96,33,293,56
2025-07,PHARM01,DG006,디제정,일반의약품,소화제,box,254,111,93,190
2025-07,PHARM01,HS007,센서티브 세니타이저,의약외품,손소독제,gel,67,32,203,48
2025-07,PHARM02,TH002,이어체온계,의약외품,체온계,unit,49,28,345,42
2025-07,PHARM01,NP003,퀘티아핀정,전문의약품,정신신경용제,box,29,10,233,14
2025-07,PHARM02,DG005,겔포스엠액,일반의약품,소화제,bottle,62,39,96,58
2025-07,PHARM02,HT005,탁센정,일반의약품,해열진통제,box,165,56,151,73
2025-07,PHARM01,AN006,챔프시럽,일반의약품,해열진통제,bottle,154,55,289,86
2025-07,PHARM02,HS008,라지 핸드스프레이,의약외품,손소독제,spray,150,53,198,72
2025-07,PHARM01,HS006,메디컬 세니겔,의약외품,손소독제,gel,72,46,57,70
2025-07,PHARM02,PA010,스포트겔 스프레이,일반의약품,진통소염제,spray,172,77,167,121
2025-07,PHARM01,SA008,메디가운,의약외품,방역용품,unit,98,37,354,61
2025-07,PHARM01,TH004,수은온도계,의약외품,체온계,unit,73,38,232,49
2025-07,PHARM02,OG003,칼디정,일반의약품,기타_일반의약품,box,138,78,103,125
2025-07,PHARM02,EX001,포비돈요오드액,일반의약품,외용제,bottle,141,69,261,118
2025-07,PHARM01,DM009,시타-메트정,전문의약품,당뇨병_치료제,box,96,36,83,61
2025-07,PHARM02,HS001,유한 손소독제 젤,의약외품,손소독제,gel,156,53,43,69
2025-07,PHARM02,AB003,에리트로마이신정,전문의약품,항생제,box,241,93,81,150
2025-07,PHARM01,OC006,후라보노 구강청결제,의약외품,구강청결제,bottle,122,62,39,96
2025-07,PHARM02,HT002,펜잘큐정,일반의약품,해열진통제,box,86,48,97,76
2025-07,PHARM01,HB006,엑스포지정,전문의약품,고혈압_치료제,box,80,27,132,46
2025-07,PHARM01,DM001,글리메피리드정,전문의약품,당뇨병_치료제,box,86,57,246,86
2025-07,PHARM02,BD001,박카스밴드,의약외품,밴드_반창고,box,55,24,297,37
2025-07,PHARM01,DS009,스톱디정,일반의약품,지사제,box,122,67,96,83
2025-07,PHARM02,OE002,스킨프로텍터,의약외품,기타_의약외품,tube,56,25,334,35
2025-07,PHARM01,NP004,알프라졸람정,전문의약품,정신신경용제,box,71,40,291,71
2025-07,PHARM02,AC005,게피티닙정,전문의약품,항암제,box,93,46,319,80
2025-07,PHARM02,NP008,클로자핀정,전문의약품,정신신경용제,box,63,28,186,43
2025-07,PHARM01,DM008,글리메-메트정,전문의약품,당뇨병_치료제,box,141,61,74,95
2025-07,PHARM01,MM005,롱액션멀미정,일반의약품,멀미약,box,139,69,250,111
2025-07,PHARM01,TH001,전자체온계,의약외품,체온계,unit,135,48,66,80
2025-07,PHARM02,NP003,퀘티아핀정,전문의약품,정신신경용제,box,171,82,173,108
2025-07,PHARM01,AN010,케토날캡슐,일반의약품,해열진통제,box,104,45,172,77
2025-07,PHARM01,DG009,엔자임파우더,일반의약품,소화제,sachet,159,61,168,100
2025-07,PHARM02,AC008,파클리탁셀주,전문의약품,항암제,vial,131,49,297,79
2025-07,PHARM01,DG010,트리몰정,일반의약품,소화제,box,81,41,357,68
2025-07,PHARM01,DM010,다파-메트정,전문의약품,당뇨병_치료제,box,63,22,77,30
2025-07,PHARM02,EX007,클로트리마졸크림,일반의약품,외용제,tube,95,38,108,57
2025-07,PHARM01,NP001,에스시탈로프람정,전문의약품,정신신경용제,box,61,34,82,43
2025-07,PHARM01,EX010,아크네 스팟겔,일반의약품,외용제,tube,141,73,101,102
2025-07,PHARM01,HB007,카프토프릴정,전문의약품,고혈압_치료제,box,135,50,159,72
2025-07,PHARM01,MK010,블랙 마스크 중형,의약외품,마스크,pack,57,22,90,36
2025-07,PHARM01,BD010,클린밴드,의약외품,밴드_반창고,box,48,18,160,31
2025-07,PHARM01,AN002,펜잘큐정,일반의약품,해열진통제,box,164,63,48,107
2025-07,PHARM01,DS006,디아리톨정,일반의약품,지사제,box,153,68,324,83
2025-07,PHARM01,AB008,클래리스로마이신정,전문의약품,항생제,box,129,64,264,92
2025-07,PHARM02,OC002,클리오덴트,의약외품,구강청결제,bottle,76,31,252,44
2025-07,PHARM02,CG005,벤포라민시럽,일반의약품,감기약,bottle,107,48,195,69
2025-07,PHARM01,SA004,멸균장갑,의약외품,방역용품,box,124,56,119,95
2025-07,PHARM01,OP006,리스페리돈정,전문의약품,기타_전문의약품,box,164,59,51,100
2025-07,PHARM01,DG003,가스모틴정,일반의약품,소화제,box,163,91,352,148
2025-07,PHARM01,DG002,베아제정,일반의약품,소화제,box,41,18,97,28
2025-07,PHARM02,HT009,키즈부루펜시럽,일반의약품,해열진통제,bottle,22,13,98,16
2025-07,PHARM01,OG006,써큐란정,일반의약품,기타_일반의약품,box,45,24,56,32
2025-07,PHARM01,CG010,코푸시럽,일반의약품,감기약,bottle,70,34,171,47
2025-07,PHARM02,AN002,펜잘큐정,일반의약품,해열진통제,box,16,10,297,15
2025-07,PHARM01,BD001,박카스밴드,의약외품,밴드_반창고,box,172,86,112,148
2025-07,PHARM02,PA006,브루펜플러스정,일반의약품,진통소염제,box,70,33,344,40
2025-07,PHARM01,SA007,방진마스크,의약외품,방역용품,pack,80,34,361,45
2025-07,PHARM01,HB009,하이드랄라진정,전문의약품,고혈압_치료제,box,26,10,168,15
2025-07,PHARM02,SA006,소독거즈백,의약외품,방역용품,pack,134,66,247,113
2025-07,PHARM02,AC003,독소루비신주,전문의약품,항암제,vial,217,94,31,127
2025-07,PHARM02,SA001,락스플러스 스프레이,의약외품,방역용품,bottle,114,62,102,78
2025-07,PHARM02,TH010,스마트체온계,의약외품,체온계,unit,118,73,54,118
2025-07,PHARM01,MM003,모션캡슐,일반의약품,멀미약,box,10,7,286,10
2025-07,PHARM02,MK010,블랙 마스크 중형,의약외품,마스크,pack,72,42,186,64
2025-07,PHARM01,OE001,헬스밴드,의약외품,기타_의약외품,box,182,87,331,105
2025-07,PHARM02,AB004,레보플록사신정,전문의약품,항생제,box,94,37,84,59
2025-07,PHARM02,OC001,가그린 오리지널,의약외품,구강청결제,bottle,78,49,203,80
2025-07,PHARM01,AB001,아목시실린캡슐,전문의약품,항생제,box,101,64,48,86
2025-07,PHARM02,MK002,KF80 마스크 소형,의약외품,마스크,pack,77,28,346,47
2025-07,PHARM02,AN004,게보린정,일반의약품,해열진통제,box,39,13,234,17
2025-07,PHARM01,DM007,아카보스정,전문의약품,당뇨병_치료제,box,36,12,304,20
2025-07,PHARM01,TH007,키즈이어체온계,의약외품,체온계,unit,68,40,62,56
2025-08,PHARM01,SA004,멸균장갑,의약외품,방역용품,box,164,83,236,115
2025-08,PHARM01,DM010,다파-메트정,전문의약품,당뇨병_치료제,box,34,17,214,25
2025-08,PHARM01,DG009,엔자임파우더,일반의약품,소화제,sachet,171,69,323,98
2025-08,PHARM01,DG002,베아제정,일반의약품,소화제,box,45,18,256,22
2025-08,PHARM01,DM008,글리메-메트정,전문의약품,당뇨병_치료제,box,144,53,210,66
2025-08,PHARM01,OP006,리스페리돈정,전문의약품,기타_전문의약품,box,190,64,320,93
2025-08,PHARM01,DM007,아카보스정,전문의약품,당뇨병_치료제,box,22,14,91,25
2025-08,PHARM01,TH001,전자체온계,의약외품,체온계,unit,72,44,281,58
2025-08,PHARM01,HB007,카프토프릴정,전문의약품,고혈압_치료제,box,135,46,322,71
2025-08,PHARM01,AB008,클래리스로마이신정,전문의약품,항생제,box,69,45,347,63
2025-08,PHARM01,DS006,디아리톨정,일반의약품,지사제,box,157,57,196,81
2025-08,PHARM01,DG003,가스모틴정,일반의약품,소화제,box,216,95,246,115
2025-08,PHARM01,NP004,알프라졸람정,전문의약품,정신신경용제,box,45,28,136,46
2025-08,PHARM01,AN002,펜잘큐정,일반의약품,해열진통제,box,139,58,220,83
2025-08,PHARM01,MK010,블랙 마스크 중형,의약외품,마스크,pack,72,24,271,40
2025-08,PHARM01,EX010,아크네 스팟겔,일반의약품,외용제,tube,182,63,87,76
2025-08,PHARM01,NP001,에스시탈로프람정,전문의약품,정신신경용제,box,140,51,317,64
2025-08,PHARM01,AB001,아목시실린캡슐,전문의약품,항생제,box,72,47,335,70
2025-08,PHARM01,DG010,트리몰정,일반의약품,소화제,box,52,33,174,56
2025-08,PHARM01,BD010,클린밴드,의약외품,밴드_반창고,box,57,33,61,57
2025-08,PHARM01,OE001,헬스밴드,의약외품,기타_의약외품,box,145,83,173,99
2025-08,PHARM01,HS007,센서티브 세니타이저,의약외품,손소독제,gel,60,28,283,39
2025-08,PHARM01,TH007,키즈이어체온계,의약외품,체온계,unit,99,43,79,71
2025-08,PHARM01,AN010,케토날캡슐,일반의약품,해열진통제,box,89,33,214,45
2025-08,PHARM01,DS005,카올린정,일반의약품,지사제,box,80,42,257,66
2025-08,PHARM01,AN006,챔프시럽,일반의약품,해열진통제,bottle,68,39,99,48
2025-08,PHARM01,HB006,엑스포지정,전문의약품,고혈압_치료제,box,43,21,92,36
2025-08,PHARM01,TH004,수은온도계,의약외품,체온계,unit,64,32,279,42
2025-08,PHARM01,DS009,스톱디정,일반의약품,지사제,box,82,47,32,77
2025-08,PHARM01,HS006,메디컬 세니겔,의약외품,손소독제,gel,81,45,131,54
2025-08,PHARM01,SA008,메디가운,의약외품,방역용품,unit,108,36,33,51
2025-08,PHARM01,OC006,후라보노 구강청결제,의약외품,구강청결제,bottle,165,61,236,82
2025-08,PHARM01,DM001,글리메피리드정,전문의약품,당뇨병_치료제,box,76,44,225,63
2025-08,PHARM01,DM009,시타-메트정,전문의약품,당뇨병_치료제,box,99,52,76,87
2025-08,PHARM01,PA004,제일파스,일반의약품,진통소염제,patch,81,29,123,45
2025-08,PHARM01,NP003,퀘티아핀정,전문의약품,정신신경용제,box,32,13,338,19
2025-08,PHARM01,DG006,디제정,일반의약품,소화제,box,246,83,274,109
2025-08,PHARM01,OG006,써큐란정,일반의약품,기타_일반의약품,box,108,37,97,47
2025-08,PHARM01,CG010,코푸시럽,일반의약품,감기약,bottle,93,33,76,53
2025-08,PHARM01,BD001,박카스밴드,의약외품,밴드_반창고,box,169,64,155,110
2025-08,PHARM01,SA007,방진마스크,의약외품,방역용품,pack,58,38,163,59
2025-08,PHARM01,HB009,하이드랄라진정,전문의약품,고혈압_치료제,box,27,10,81,12
2025-08,PHARM01,MM003,모션캡슐,일반의약품,멀미약,box,19,8,194,10
2025-08,PHARM01,MM005,롱액션멀미정,일반의약품,멀미약,box,104,66,219,97
